Company,Year,ROA,zmijewski_t,MV_t4,BV_t,EARN_t,NEG_t,sentiment,words,pages,flesch,t_Community,t_Resources,t_Customers,t_Employees,t_Metholodgy,t_Governance,t_Climate,w_Community,w_Resources,w_Customers,w_Employees,w_Metholodgy,w_Governance,w_Climate
ASCENDAS REAL ESTATE INV TRUST,2015,0.034872647,-2.142539308,5905.090879,5785.3,344.2,0,13.019,11095,32,13.72838584,0.070365881,0.173077627,0.14895462,0.179842363,0.171918737,0.167689833,0.08815094,780.5687154,1919.950112,1652.353601,1994.99133,1907.094546,1860.183317,977.8583801
ASCENDAS REAL ESTATE INV TRUST,2016,0.042032092,-2.383621475,7173.344598,6335.1,427.5,0,10.19733333,10420,36,6.801989526,0.058671926,0.176252046,0.133572443,0.160819644,0.174964856,0.191490192,0.104228893,611.3614679,1836.546324,1391.824856,1675.740687,1823.133799,1995.327801,1086.065065
ASCENDAS REAL ESTATE INV TRUST,2017,0.047721609,-2.436588604,8045.455163,6498.7,494.1,0,12.5902439,12229,44,0.424857976,0.067864167,0.147505449,0.138700908,0.149752152,0.144549268,0.18779645,0.163831604,829.9109026,1803.844142,1696.173408,1831.31907,1767.692995,2296.562792,2003.496691
ASCENDAS REAL ESTATE INV TRUST,2018,0.044076993,-2.311464251,8931.339742,6945.933,503.087,0,15.30785714,13876,44,-5.399232355,0.073042879,0.13991893,0.147083974,0.148204446,0.136114641,0.1984765,0.157158631,1013.542986,1941.515077,2040.937221,2056.484886,1888.726758,2754.059912,2180.73316
ASCENDAS REAL ESTATE INV TRUST,2019,0.037302075,-2.146827106,10414.55207,8111.238,517.161,0,12.2072,15327,52,0.797330392,0.07821766,0.16524913,0.132565585,0.166814224,0.144988597,0.171912682,0.140252123,1194.305446,2523.188967,2024.143912,2547.08638,2213.830889,2624.934736,2141.50967
ASCENDAS REAL ESTATE INV TRUST,2020,0.030225085,-2.242909137,12546.27192,9190.6,457.1,0,14.764,23340,60,1.063465659,0.107918152,0.187209119,0.144424341,0.14298162,0.128307732,0.151998458,0.137160577,2518.809666,4369.460841,3370.86412,3337.191013,2994.702476,3547.64402,3201.327863
ASCENDAS REAL ESTATE INV TRUST,2021,0.053974789,-2.191300657,12006.0798,10277.2,957,0,13.87320988,32086,82,5.384406169,0.097376077,0.231635185,0.112881017,0.118451551,0.127900629,0.148617919,0.163137621,3124.408821,7432.246552,3621.900315,3800.636453,4103.819581,4768.554557,5234.433721
CAPITALAND INTEGRATED COMM TR,2015,0.055988729,-2.567692318,7330.21983,6693.163,579.805,0,21.54777778,4336,9,23.42997832,0.1840068,0.201592373,0.109962382,0.200177764,0.07565585,0.139358194,0.089246637,797.8534833,874.1045299,476.796889,867.9707852,328.0437647,604.2571311,386.9734168
CAPITALAND INTEGRATED COMM TR,2016,0.045454845,-2.537967362,6944.4172,6692.222,469.4,0,21.8065,9573,20,12.28110699,0.148877479,0.193397263,0.120105536,0.194221597,0.068995867,0.173410332,0.100991925,1425.204108,1851.392,1149.770297,1859.283353,660.4974379,1660.05711,966.795694
CAPITALAND INTEGRATED COMM TR,2017,0.062606657,-2.681916784,7447.4883,6928.045,657.648,0,18.18333333,9626,24,8.59229299,0.137561948,0.165504295,0.109214451,0.196430238,0.090992991,0.200926988,0.09936909,1324.171312,1593.144341,1051.298308,1890.837467,875.8985279,1934.123185,956.5268598
CAPITALAND INTEGRATED COMM TR,2018,0.058838847,-2.588971985,8885.43382,7429.3,676.745,0,17.2828,10235,25,5.045470272,0.111722959,0.163546825,0.086116632,0.203633136,0.140551601,0.186770546,0.107658301,1143.48448,1673.90175,881.4037321,2084.185147,1438.545637,1911.596541,1101.882713
CAPITALAND INTEGRATED COMM TR,2019,0.05940592,-2.683175221,6713.62328,7767.239,696.93,0,18.5756,11178,26,2.681032649,0.106452501,0.17392516,0.106669334,0.187983951,0.15576724,0.160666624,0.10853519,1189.926055,1944.135433,1192.34982,2101.284608,1741.166205,1795.931526,1213.206353
CAPITALAND INTEGRATED COMM TR,2020,0.01560551,-2.037260721,13847.30656,13067.938,349.819,0,17.90591837,19018,49,3.393517379,0.16228621,0.159823251,0.159758431,0.154305531,0.11852888,0.129070076,0.116227621,3086.35914,3039.518579,3038.285838,2934.582588,2254.182241,2454.654712,2210.416902
CAPITALAND INTEGRATED COMM TR,2021,0.047625237,-2.289544353,15002.19105,13695.7,1083.086,0,19.17844828,23933,58,9.646781976,0.157545359,0.186499024,0.149837893,0.125555983,0.070528688,0.148086335,0.161946718,3770.533074,4463.481134,3586.070303,3004.931336,1687.963079,3544.150267,3875.870808
CAPITALAND INVESTMENT LIMITED,2021,0.03583382,-1.846861033,21335.98,16440,1349,0,14.34232558,38318,86,12.02399697,0.068032121,0.145080374,0.083617549,0.15326366,0.144481828,0.180448923,0.225075545,2606.854817,5559.189773,3204.057254,5872.756905,5536.254704,6914.441827,8624.444719
CITY DEVELOPMENTS LIMITED,2015,0.038062153,-1.9514306,7529.014764,8995.792,773.367,0,16.22257426,42088,104,5.322188392,0.095855671,0.175258915,0.084676165,0.144664194,0.157863169,0.158851697,0.182830189,4034.373469,7376.297215,3563.850428,6088.626615,6644.14504,6685.750227,7694.957006
CITY DEVELOPMENTS LIMITED,2016,0.032995407,-2.067533526,9893.198144,9293.808,653.224,0,16.22257426,42088,104,5.322188392,0.096423254,0.175380908,0.086126622,0.143898709,0.157007483,0.159361662,0.181801362,4058.261928,7381.431636,3624.897252,6056.408867,6608.130946,6707.213629,7651.655741
CITY DEVELOPMENTS LIMITED,2017,0.026966075,-2.182857543,11520.84747,9391.282,522.179,0,16.52372549,45634,104,4.651503155,0.088270364,0.184169765,0.090760803,0.121267365,0.148389186,0.160655598,0.206486919,4028.129807,8404.403067,4141.778485,5533.914921,6771.592104,7331.357561,9422.824056
CITY DEVELOPMENTS LIMITED,2018,0.026684775,-2.103091992,8098.628609,10040.697,557.33,0,17.69666667,68001,123,4.783425865,0.082404377,0.191579012,0.081231943,0.129463511,0.157019207,0.11802086,0.240281091,5602.508796,13025.07384,5522.797315,8801.965172,10675.42184,8024.002226,16336.23081
CITY DEVELOPMENTS LIMITED,2019,0.024334903,-1.514235691,6946.863958,10520.25,564.576,0,20.79382114,60032,128,5.139690774,0.085828343,0.192517305,0.073849657,0.129933959,0.154621948,0.099735968,0.26351282,5150.473063,11552.77096,4431.644061,7797.206919,9278.708472,5985.05572,15813.14081
CITY DEVELOPMENTS LIMITED,2020,-0.080981875,-0.499805985,7218.934348,8502.208,-1917.391,1,22.39964286,68809,144,0.622773973,0.078151622,0.180200952,0.082180906,0.11997686,0.148601844,0.103691404,0.287196412,5377.53496,12399.44729,5654.785942,8255.487765,10225.14427,7134.901828,19761.69794
CITY DEVELOPMENTS LIMITED,2021,0.00408726,-0.887572576,7518.211777,8413.56,97.657,0,24.28227848,74335,164,4.947477945,0.083788698,0.168236703,0.070324699,0.114354666,0.153449931,0.105649097,0.304196207,6225.667812,12500.3235,5225.265772,8496.780418,11401.63674,7849.939221,22602.38654
COMFORTDELGRO CORPORATION LTD,2015,0.057876272,-2.193519014,6192.864,2335.1,301.9,0,13.41026316,18583,44,17.02695679,0.12267993,0.081842127,0.244846503,0.180167831,0.099854493,0.193866422,0.076742694,2279.761131,1520.87224,4549.98256,3348.058803,1855.59605,3602.619728,1426.109488
COMFORTDELGRO CORPORATION LTD,2016,0.062799541,-2.525714598,5931.475,2475.5,317.1,0,11.3404,23982,52,18.63310784,0.129941096,0.079901597,0.277510534,0.186135035,0.093117088,0.166074035,0.067320615,3116.247375,1916.200096,6655.257623,4463.890403,2233.133996,3982.787512,1614.482995
COMFORTDELGRO CORPORATION LTD,2017,0.062452099,-2.50738607,4846.464,2618.2,301.5,0,10.35096154,25243,54,19.32610394,0.105202105,0.081704709,0.268305562,0.178795775,0.115139491,0.187045098,0.06380726,2655.616728,2062.471962,6772.837303,4513.341747,2906.46617,4721.579415,1610.686675
COMFORTDELGRO CORPORATION LTD,2018,0.059045691,-2.265093374,5846.58,2613.6,303.3,0,10.18918367,21395,50,23.47937756,0.12069091,0.089741959,0.263317656,0.179615659,0.126678915,0.147756771,0.072198131,2582.182009,1920.029209,5633.681253,3842.877015,2710.295392,3161.256106,1544.679014
COMFORTDELGRO CORPORATION LTD,2019,0.049284254,-2.051510329,3444.258,2595,265.1,0,13.57328125,24541,67,16.00862556,0.129423349,0.12089792,0.225761338,0.157943447,0.120830465,0.134834843,0.110308638,3175.66071,2966.472257,5539.505961,3875.458362,2964.817124,3308.442539,2706.643046
COMFORTDELGRO CORPORATION LTD,2020,0.011641707,-1.944091094,3683.44933,2606.8,61.8,0,8.381294118,25317,90,13.50572301,0.112268074,0.109149132,0.244514288,0.148387239,0.125682942,0.144339467,0.115658858,2840.831332,2761.909645,6187.189549,3754.790706,3180.281153,3652.365877,2926.631738
COMFORTDELGRO CORPORATION LTD,2021,0.026256307,-2.363638572,3207.136616,2706.5,130.1,0,24.28227848,74335,164,4.947477945,0.083157669,0.167540888,0.06982764,0.113742866,0.152406086,0.107989389,0.305335463,6178.781114,12448.62307,5188.333293,8451.322451,11324.07697,8023.827568,22687.03554
DAIRY FARM INT'L HOLDINGS LTD,2015,0.085410911,-0.75485038,9330.18,1949.6462,583.5015,0,20.76,280,1,24.92642857,0.503365744,0.089753179,0.115931189,0.074046372,0.063575168,0.063575168,0.089753179,140.9424084,25.13089005,32.46073298,20.73298429,17.80104712,17.80104712,25.13089005
DAIRY FARM INT'L HOLDINGS LTD,2016,0.087269774,-0.797313001,12156.278,2177.868,647.5847,0,18.2,790,2,22.73271081,0.651507495,0.050190025,0.077109061,0.082934153,0.048095876,0.031596769,0.058566622,514.6909212,39.65011971,60.91615813,65.51798073,37.99574183,24.96144714,46.26763123
DAIRY FARM INT'L HOLDINGS LTD,2017,0.076030213,-0.821621087,11496.25,2258.854,555.5877,0,10.165,652,2,28.61568234,0.493180368,0.116015157,0.114400173,0.090640708,0.053004936,0.057172259,0.075586399,321.5536001,75.6418826,74.58891309,59.09774134,34.55921807,37.27631277,49.28233203
DAIRY FARM INT'L HOLDINGS LTD,2018,0.009836835,0.526785364,10659.276,1535.2832,114.4071,0,14.29,790,2,37.74670991,0.365785894,0.207884647,0.218787977,0.045954292,0.052440919,0.045981977,0.063164294,288.9708559,164.2288711,172.8425015,36.30389068,41.42832616,36.32576206,49.89979259
DAIRY FARM INT'L HOLDINGS LTD,2019,0.039247674,0.3263166,6452.379,1625.8903,441.6999,0,22.8275,1506,4,25.9381004,0.274057666,0.132556555,0.142138755,0.071056205,0.07142755,0.092781665,0.215981604,412.7308454,199.6301721,214.0609643,107.0106454,107.5698901,139.7291873,325.2682954
DAIRY FARM INT'L HOLDINGS LTD,2020,0.035804414,0.22269895,5884.245,1747.155,373.7598,0,21.725,1810,4,22.52939013,0.328249486,0.185534133,0.226564252,0.057525889,0.045067609,0.054866672,0.10219196,594.131569,335.8167805,410.0812963,104.1218587,81.57237148,99.3086757,184.9674484
DAIRY FARM INT'L HOLDINGS LTD,2021,0.013492917,0.337302409,3693.417,1707.6787,138.2785,0,26.95,1185,2,32.65664823,0.257106358,0.094864838,0.189198964,0.058419292,0.066692851,0.078282606,0.255435092,304.6710337,112.4148334,224.2007718,69.22686078,79.03102841,92.76488793,302.6905839
DBS GROUP HOLDINGS LTD,2015,0.009728417,0.768251541,39029.16987,40374,4454,0,25.5475,2064,4,26.43323795,0.237618996,0.109637607,0.153414783,0.063256112,0.076791632,0.141614121,0.217666749,490.4456078,226.2920212,316.6481114,130.5606144,158.4979284,292.2915465,449.2641703
DBS GROUP HOLDINGS LTD,2016,0.008800382,0.749381785,49454.145,44609,4238,0,19.7275,6684,12,13.00401837,0.120465754,0.114749627,0.09432712,0.192181623,0.192369177,0.130891295,0.155015404,805.1931028,766.9865037,630.4824725,1284.541965,1285.795578,874.8774187,1036.122959
DBS GROUP HOLDINGS LTD,2017,0.008442934,0.758596962,79473.64236,47458,4371,0,24.11636364,7018,11,9.073337576,0.133205442,0.163954529,0.091708478,0.156067592,0.059283272,0.169515884,0.226264801,934.8357909,1150.632888,643.6101014,1095.282363,416.0500056,1189.662477,1587.926375
DBS GROUP HOLDINGS LTD,2018,0.010126173,0.783020761,70931.69745,49045,5577,0,31.79571429,24090,29,12.66880316,0.114786957,0.094546203,0.094265766,0.113724029,0.163329069,0.160810005,0.258537971,2765.217791,2277.618034,2270.862308,2739.611861,3934.597275,3873.913013,6228.179718
DBS GROUP HOLDINGS LTD,2019,0.011039026,0.785073865,49667.6198,50981,6391,0,35.529375,32950,33,11.95659872,0.122719782,0.098149515,0.11402758,0.108556411,0.137507215,0.165256576,0.253782922,4043.616822,3234.026515,3757.208748,3576.93374,4530.862737,5445.204163,8362.147275
DBS GROUP HOLDINGS LTD,2020,0.00726377,0.832761377,76499.7,54626,4721,0,18.29521127,38975,73,7.187057053,0.142360575,0.106460023,0.142608983,0.09543171,0.130288108,0.140435688,0.242414912,5548.503425,4149.279396,5558.18513,3719.450908,5077.978995,5473.480932,9448.121213
DBS GROUP HOLDINGS LTD,2021,0.00991877,0.820506372,88142.0233,57526,6805,0,18.85808511,48656,95,3.83535606,0.125464238,0.104835393,0.132492206,0.090198518,0.124979331,0.144448126,0.277582189,6104.587978,5100.870864,6446.540756,4388.699097,6080.994316,7028.268005,13506.03899
FRASERS LOGISTICS & COMMERCIAL TRUST,2017,0.049401384,-2.717909391,1732.50382,1422.6243,103.8457,0,16.02772727,6576,23,11.84308283,0.118502874,0.16527432,0.103347593,0.139223878,0.151281,0.161450145,0.16092019,779.2748968,1086.84393,679.6137721,915.5362226,994.8238586,1061.696151,1058.211169
FRASERS LOGISTICS & COMMERCIAL TRUST,2018,0.059670845,-2.490257698,2175.03144,1921.6446,182.6261,0,18.5628,8962,27,-0.577091585,0.116619088,0.198130281,0.087980069,0.173420353,0.145401235,0.127039801,0.151409173,1044.907032,1775.247318,788.3014207,1553.84636,1302.795063,1138.276621,1356.626187
FRASERS LOGISTICS & COMMERCIAL TRUST,2019,0.060667795,-2.505917204,2743.64946,2112.306,203.425,0,15.18695652,7402,23,10.14941403,0.109960068,0.168863647,0.084647034,0.174067142,0.163746996,0.136374963,0.16234015,813.9244267,1249.928714,626.5573454,1288.444986,1212.055262,1009.447473,1201.641793
FRASERS LOGISTICS & COMMERCIAL TRUST,2020,0.067519797,-2.169927758,4880.9046,3806.677,454.722,0,19.50742857,16054,38,6.787262099,0.079130235,0.218181963,0.086898928,0.128791815,0.1837252,0.130590554,0.172681305,1270.356796,3502.693233,1395.075383,2067.623805,2949.524354,2096.500758,2772.225671
FRASERS LOGISTICS & COMMERCIAL TRUST,2021,0.095193887,-2.500391395,5110.2238,4619.455,731.106,0,19.50742857,16054,38,6.787262099,0.074621379,0.215643399,0.082310384,0.131967961,0.182619402,0.132726414,0.18011106,1197.971622,3461.939126,1321.41091,2118.613652,2931.771886,2130.789855,2891.50295
GENTING SINGAPORE LIMITED,2015,0.016052509,-3.238504112,9781.51264,9625.75,193.061,0,17.20735294,18837,35,14.96805646,0.130191253,0.125629654,0.232301392,0.130314654,0.179495995,0.143092273,0.058974778,2452.022063,2366.108903,4375.164414,2454.346195,3380.627579,2694.999878,1110.730969
GENTING SINGAPORE LIMITED,2016,0.033595724,-3.50005289,13456.10112,9530.261,384.547,0,18.8805,23658,41,14.51770396,0.150754143,0.140896718,0.226479809,0.127503779,0.153881512,0.131736512,0.068747528,3566.541506,3333.334562,5358.059314,3016.484396,3640.528802,3116.622408,1626.429011
GENTING SINGAPORE LIMITED,2017,0.071361238,-3.358961865,14206.2973,7441.558,685.555,0,11.45329114,24543,80,4.31624062,0.155406599,0.137716993,0.213571636,0.132894407,0.144374542,0.134482774,0.081553049,3813.677937,3379.575009,5241.047945,3261.22875,3542.951252,3300.20728,2001.311827
GENTING SINGAPORE LIMITED,2018,0.077340229,-3.50943371,11670.73606,7781.345,755.393,0,9.199878049,21528,88,3.963975977,0.163922258,0.157122372,0.197407119,0.118606827,0.146111865,0.133158821,0.083670739,3528.918361,3382.530426,4249.780468,2553.367761,3145.496224,2866.643089,1801.26367
GENTING SINGAPORE LIMITED,2019,0.074443048,-3.916338866,9070.52025,8057.589,688.604,0,10.11059701,16775,70,5.464794965,0.165511417,0.152013568,0.176446898,0.130702861,0.130300674,0.152485426,0.092539157,2776.45402,2550.027608,2959.896706,2192.540495,2185.793804,2557.943013,1552.344353
GENTING SINGAPORE LIMITED,2020,0.007879441,-3.720981144,10461.33336,7835.56,69.241,0,10.72268657,17807,70,11.35094401,0.141137878,0.139629119,0.22590101,0.128486137,0.130274644,0.139447459,0.095123753,2513.242195,2486.375728,4022.619277,2287.952647,2319.80058,2483.1409,1693.868673
GENTING SINGAPORE LIMITED,2021,0.020853795,-3.830424329,9796.16187,7895.135,183.345,0,23.98577465,33464,71,-2.249747814,0.156982028,0.14173134,0.17668964,0.103472799,0.115851757,0.145143024,0.160129412,5253.246586,4742.897557,5912.742118,3462.613754,3876.863185,4857.066164,5358.570636
HONGKONG LAND HOLDINGS LIMITED,2015,0.056783645,-3.647687328,15175.56,40649.5135,2765.8577,0,21.924375,7113,17,10.59641869,0.173942143,0.298246663,0.143463553,0.134725785,0.065292625,0.088764396,0.095564835,1237.250461,2121.428511,1020.456256,958.3045114,464.4264383,631.3811487,679.7526745
HONGKONG LAND HOLDINGS LIMITED,2016,0.086419231,-3.848930079,18163.616,45276.7379,4620.4958,0,22.80416667,6358,14,19.48161498,0.187906583,0.26488886,0.176412466,0.116373355,0.054502256,0.111153904,0.088762575,1194.710056,1684.163371,1121.63046,739.9017888,346.5253461,706.7165235,564.3524548
HONGKONG LAND HOLDINGS LIMITED,2017,0.135365639,-4.146369502,17104.856,49242.7499,7751.0289,0,24.61571429,6722,16,8.287244986,0.200464396,0.218514421,0.166515725,0.117738519,0.064371372,0.128755003,0.103640564,1347.521672,1468.853937,1119.318701,791.4383237,432.7043619,865.4911314,696.6718732
HONGKONG LAND HOLDINGS LIMITED,2018,0.054091496,-3.739755636,16500.673,52259.4645,3314.974,0,30.3775,12422,22,-3.137989116,0.131076837,0.236224991,0.110418059,0.157325337,0.128585814,0.120997419,0.115371543,1628.236465,2934.386843,1371.613128,1954.295336,1597.292983,1503.029933,1433.145312
HONGKONG LAND HOLDINGS LIMITED,2019,0.004438291,-3.473934913,9685.685,51426.6473,270.0945,0,16.33213115,21144,63,-11.89254713,0.111897065,0.196151252,0.099359405,0.158566728,0.208174908,0.123165138,0.102685505,2365.951537,4147.422071,2100.855258,3352.734888,4401.650244,2604.203685,2171.182316
HONGKONG LAND HOLDINGS LIMITED,2020,-0.062432728,-2.952309024,11552.805,47182.4338,-3651.2605,1,14.86361446,28688,84,-8.954362734,0.123122789,0.191843157,0.10979684,0.156792455,0.155493378,0.129936944,0.133014438,3532.146573,5503.596482,3149.851752,4498.061938,4460.794017,3727.631046,3815.918193
HONGKONG LAND HOLDINGS LIMITED,2021,-0.007938862,-3.096524327,10775.275,46605.1289,-469.2601,1,14.17351852,41923,164,-6.728773376,0.140137507,0.165332747,0.135645891,0.150420995,0.138220249,0.120584363,0.149658248,5874.984707,6931.244747,5686.682696,6306.099365,5794.607493,5055.25824,6274.122751
JARDINE CYCLE & CARRIAGE LTD,2015,0.03396382,-1.891783951,15022.93097,7320.8803,949.7711,0,54.96,1284,1,14.54785628,0.687253067,0.026408817,0.054065294,0.099189021,0.026408817,0.032231233,0.074443751,882.4329382,33.90892077,69.4198378,127.3587024,33.90892077,41.38490331,95.58577667
JARDINE CYCLE & CARRIAGE LTD,2016,0.031017731,-1.968443724,19050.39006,8325.7553,968.8916,0,54.9,1172,1,19.30440541,0.626232515,0.051593671,0.045173125,0.098142628,0.024306352,0.058014217,0.096537491,733.9445081,60.46778262,52.942903,115.0231598,28.48704426,67.99266223,113.1419399
JARDINE CYCLE & CARRIAGE LTD,2017,0.038086889,-1.812722979,13457.79562,8565.2001,1296.1873,0,8.1225,13625,44,13.55474235,0.117242523,0.093805384,0.092245453,0.16975188,0.159359263,0.246460297,0.1211352,1595.319013,1276.409867,1255.18388,2309.813827,2168.401488,3353.585256,1648.286669
JARDINE CYCLE & CARRIAGE LTD,2018,0.015130135,-1.52451556,14042.74534,8373.9994,563.4012,0,8.952291667,17403,52,8.751505878,0.102420315,0.095179381,0.096292754,0.174964583,0.152362402,0.253480665,0.1252999,1778.221507,1652.504408,1671.834795,3037.735093,2645.316025,4400.931307,2175.456865
JARDINE CYCLE & CARRIAGE LTD,2019,0.030757395,-1.718381721,7715.012576,9224.0905,1202.3296,0,13.76848485,11709,35,5.688357693,0.140171423,0.066447374,0.066571722,0.184616374,0.189530031,0.200276117,0.15238696,1640.285988,777.5671718,779.0222859,2160.380806,2217.880427,2343.631117,1783.232203
JARDINE CYCLE & CARRIAGE LTD,2020,0.020498943,-1.904010374,9157.625071,9214.8783,745.1749,0,15.32972222,13131,38,6.693380361,0.152369449,0.049233833,0.080129534,0.180097471,0.186103058,0.205707843,0.146358813,1999.696649,646.1448182,1051.620004,2363.599207,2442.416528,2699.709737,1920.813057
JARDINE CYCLE & CARRIAGE LTD,2021,0.022673341,-1.957810909,11347.23378,9929.3863,887.724,0,13.24428571,20420,51,4.640636666,0.126171518,0.11957965,0.07216802,0.161350387,0.160912397,0.212303682,0.147514345,2575.539204,2440.979396,1473.1658,3293.645448,3284.70476,4333.75506,3011.210332
JARDINE MATHESON HLDGS LTD,2015,0.026214825,-2.65089567,16677,28180.4506,2473.4195,0,26.095,923,2,17.04341238,0.54491409,0.038041013,0.084916259,0.124900358,0.058569899,0.06787681,0.080781571,502.9557054,35.11185525,78.37770667,115.2830303,54.06001714,62.65029527,74.56139
JARDINE MATHESON HLDGS LTD,2016,0.033561586,-2.776615116,19813.64062,31561.942,3456.0861,0,32.64,888,2,14.07160354,0.562416677,0.056546468,0.054779054,0.103510326,0.053137935,0.08512051,0.08448903,499.426009,50.21326319,48.64379959,91.91716971,47.18648672,75.58701276,75.02625905
JARDINE MATHESON HLDGS LTD,2017,0.04929087,-2.844731781,18694.5,34295.8194,5444.0419,0,25.62,863,2,12.93912197,0.549426417,0.058085126,0.073471787,0.123404201,0.048572391,0.062013449,0.08502663,474.1549979,50.12746346,63.40615198,106.4978251,41.9179736,53.51760668,73.3779813
JARDINE MATHESON HLDGS LTD,2018,0.018907271,-2.442280105,25069.80114,35532.047,2323.2205,0,18.74,825,2,27.77118746,0.483597696,0.157784784,0.078044916,0.070432373,0.039948684,0.066984047,0.103207499,398.9680994,130.1724472,64.3870559,58.10670807,32.9576646,55.26183851,85.14618634
JARDINE MATHESON HLDGS LTD,2019,0.029673769,-2.594645873,16309.15963,40809.9546,3871.3541,0,38.13,1360,2,14.41978537,0.574495622,0.099348255,0.085123241,0.075949523,0.028714064,0.047465348,0.088903947,781.3140463,135.1136273,115.7676077,103.2913508,39.05112729,64.5528731,120.9093675
JARDINE MATHESON HLDGS LTD,2020,-0.004397296,-2.447670975,24298.90928,38829.0431,-543.3998,1,25.46916667,5975,12,5.723468113,0.265565096,0.077762089,0.106287999,0.065641081,0.065942171,0.152243339,0.266558225,1586.751447,464.6284844,635.0707937,392.2054596,394.0044706,909.6539531,1592.685392
JARDINE MATHESON HLDGS LTD,2021,0.020502099,-2.367457315,21524.23,40132.8756,2527.7156,0,13.96333333,1552,6,-6.925479381,0.107645582,0.059700737,0.077089791,0.075078161,0.105336741,0.24324434,0.331904648,167.0659434,92.65554369,119.6433556,116.5213054,163.4826213,377.5152161,515.1160145
KEPPEL CORPORATION LIMITED,2015,0.052716747,-1.229215,9689.63752,11095.661,1524.6,0,19.40105263,40861,96,-1.225175612,0.128103234,0.138598797,0.085224255,0.154721584,0.118154278,0.219929374,0.155268477,5234.426229,5663.285444,3482.348279,6322.07865,4827.901974,8986.534171,6344.425254
KEPPEL CORPORATION LIMITED,2016,0.026814527,-1.166786355,11820.06183,11658.949,783.9,0,20.32070707,43207,101,6.857625692,0.137943015,0.142012551,0.07927108,0.149187819,0.107839654,0.224169219,0.159576662,5960.103853,6135.936283,3425.065572,6445.958106,4659.427911,9685.679429,6894.828846
KEPPEL CORPORATION LIMITED,2017,0.006832697,-1.051971927,14873.88541,11442.734,196,0,22.154,46647,96,9.697813939,0.129520004,0.138786952,0.074620703,0.144018423,0.109379057,0.243512766,0.160162094,6041.719642,6473.994936,3480.831945,6718.027394,5102.204884,11359.13999,7471.081206
KEPPEL CORPORATION LIMITED,2018,0.035670773,-1.284107189,12234.09218,11267.762,948.4,0,21.44202247,45317,91,8.375537634,0.116604953,0.128663116,0.085635453,0.13758708,0.120670481,0.252811688,0.15802723,5284.18667,5830.626419,3880.741806,6235.033704,5468.424171,11456.66725,7161.319978
KEPPEL CORPORATION LIMITED,2019,0.022572311,-0.865656044,10498.67293,11210.853,707,0,20.43435294,48075,86,7.26061743,0.107371303,0.136618181,0.074633168,0.135378311,0.135386291,0.259164781,0.151447965,5161.875407,6567.919071,3587.989545,6508.312278,6508.695923,12459.34687,7280.860906
KEPPEL CORPORATION LIMITED,2020,-0.015757239,-0.554420962,9958.451166,10728.458,-505.9,1,22.03547368,55625,97,7.458641166,0.114091158,0.13033134,0.091917958,0.147934174,0.120766073,0.238393732,0.156565564,6346.320686,7249.680807,5112.936427,8228.838435,6717.612806,13260.65132,8708.959524
KEPPEL CORPORATION LIMITED,2021,0.031745269,-0.981194491,12543.64324,12056.661,1026.1,0,22.15831776,64200,108,7.58988679,0.101506738,0.1534405,0.088444664,0.142357963,0.105276718,0.235060296,0.173913121,6516.732551,9850.880091,5678.147461,9139.381236,6758.765293,15090.87103,11165.22234
KEPPEL DC REIT,2015,0.086197572,-2.85325681,966.2049018,813.488,104.4,0,26.3925,1393,4,7.744676238,0.188209562,0.087912015,0.079086361,0.145288372,0.08104939,0.238280511,0.180173789,262.1759195,122.4614375,110.1673012,202.3867022,112.9018002,331.9247512,250.9820882
KEPPEL DC REIT,2016,0.032154158,-2.616101314,1394.318017,1073.868,50.9,0,14.9625,7277,20,0.87566047,0.079049714,0.120084365,0.09340266,0.195152846,0.207739803,0.198704304,0.105866307,575.2447692,873.8539221,679.6911599,1420.127263,1511.722548,1445.971224,770.3891143
KEPPEL DC REIT,2017,0.036976502,-2.406408178,1599.501672,1116.502,65.2,0,22.336875,7973,16,5.311566483,0.093878741,0.135645482,0.098013438,0.169013458,0.19717609,0.196494196,0.109778596,748.4951995,1081.501427,781.4611393,1347.544302,1572.084967,1566.648221,875.2647437
KEPPEL DC REIT,2018,0.062811401,-2.646104324,2039.504615,1475.994,141.9,0,16.4347619,9194,21,3.560206688,0.074167056,0.128202635,0.079473422,0.158503639,0.230082387,0.236643694,0.092927167,681.8919109,1178.695028,730.6786389,1457.282461,2115.377462,2175.702126,854.3723735
KEPPEL DC REIT,2019,0.036373025,-2.500890897,3819.805236,1902.548,106.5,0,22.06789474,9437,19,9.73995965,0.085375601,0.115719402,0.090878693,0.1713613,0.219277198,0.215611408,0.101776398,805.6895495,1092.043998,857.6222253,1617.136584,2069.318918,2034.724854,960.4638707
KEPPEL DC REIT,2020,0.050211533,-2.238906481,4409.42562,1982.242,168.2,0,22.72782609,11791,23,10.67113982,0.098650606,0.128391124,0.092660993,0.159687689,0.204657179,0.208899961,0.107052448,1163.189293,1513.859744,1092.565769,1882.877546,2413.112794,2463.139441,1262.255414
KEPPEL DC REIT,2021,0.082986125,-2.535698377,3551.109633,2335.676,313.7,0,24.12857143,15511,28,5.411893761,0.090973808,0.152559338,0.096945926,0.152199964,0.161937357,0.211669823,0.133713784,1411.094736,2366.347884,1503.728261,2360.773647,2511.81035,3283.210621,2074.0345
MAPLETREE COMMERCIAL TRUST,2015,0.073204084,-2.472951614,2873.82286,2617.027,312.051,0,26.94,2148,4,19.86591542,0.409461522,0.151389047,0.11829493,0.125602487,0.037825486,0.096582097,0.060844432,879.5233485,325.183673,254.0975095,269.7941413,81.24914315,207.4583448,130.6938397
MAPLETREE COMMERCIAL TRUST,2016,0.067655241,-2.516799987,3309.423895,2763.976,298.71,0,38.2325,2322,4,13.82234773,0.474249822,0.102078156,0.101608516,0.145841619,0.039516788,0.052287602,0.084417498,1101.208087,237.0254783,235.9349741,338.6442387,91.75798115,121.4118113,196.0174298
MAPLETREE COMMERCIAL TRUST,2017,0.053989812,-2.405988149,4604.626521,3957.453,345.84,0,24.56875,4204,8,18.46764051,0.183051399,0.157285092,0.096524169,0.140294032,0.086021716,0.251358499,0.085465093,769.5480816,661.226526,405.7876046,589.7961106,361.6352949,1056.711131,359.2952512
MAPLETREE COMMERCIAL TRUST,2018,0.084199488,-2.644795435,4633.46943,4283.373,567.573,0,19.87375,6908,16,4.274098087,0.159944189,0.146898393,0.09092924,0.158097774,0.154873253,0.209269158,0.079987991,1104.894461,1014.774101,628.1391866,1092.139426,1069.864435,1445.631346,552.5570443
MAPLETREE COMMERCIAL TRUST,2019,0.08200553,-2.717170818,5861.539586,4615.979,582.302,0,25.215,9302,18,2.640435969,0.178742223,0.117565157,0.089519775,0.148958483,0.183742785,0.18142457,0.100047006,1662.660162,1093.591094,832.7129486,1385.611809,1709.175387,1687.611349,930.6372505
MAPLETREE COMMERCIAL TRUST,2020,0.060296503,-2.576708144,6151.9686,5786.948,543.095,0,20.29291667,10875,24,4.032093823,0.130916493,0.173080498,0.110829196,0.163072807,0.1387328,0.19087952,0.092488685,1423.716864,1882.250418,1205.267503,1773.416778,1508.719205,2075.814779,1005.814452
MAPLETREE COMMERCIAL TRUST,2021,0.007664975,-2.309407846,7163.00064,5708.968,68.606,0,18.38064516,13325,31,4.19329051,0.092584417,0.190586547,0.141864769,0.161089785,0.130358484,0.200962986,0.082553011,1233.687363,2539.56574,1890.34805,2146.521391,1737.026794,2677.831791,1100.018872
MAPLETREE INDUSTRIAL TRUST,2015,0.10646897,-2.870350341,2677.564272,2312.183,374.34,0,30.184,10927,10,8.437977178,0.082554493,0.048786544,0.044413034,0.070783684,0.054820763,0.643094581,0.055546902,902.0729438,533.0905625,485.3012202,773.4533134,599.0264807,7027.094483,606.9609966
MAPLETREE INDUSTRIAL TRUST,2016,0.075216456,-2.857581392,3200.764905,2465.224,272.58,0,27.30714286,13571,14,5.396208196,0.081072562,0.052082054,0.043347251,0.069214567,0.056480603,0.628850098,0.068952865,1100.235744,706.8055529,588.2655392,939.3108938,766.4982569,8534.124676,935.7593373
MAPLETREE INDUSTRIAL TRUST,2017,0.071239245,-2.764738304,3364.895137,2532.789,270.571,0,17.39875,5912,16,10.74720648,0.105320257,0.204542652,0.089166314,0.147448539,0.077982386,0.298894532,0.076645319,622.6533623,1209.25616,527.1512505,871.715765,461.0318677,1767.06447,453.1271242
MAPLETREE INDUSTRIAL TRUST,2018,0.072341563,-2.782986062,3764.680191,2780.072,300.53,0,12.09041667,7894,24,12.22078093,0.10257333,0.20725489,0.09994546,0.156882651,0.136641966,0.212195374,0.084506329,809.7138694,1636.070103,788.9694602,1238.431646,1078.651679,1675.070281,667.0929606
MAPLETREE INDUSTRIAL TRUST,2019,0.058850062,-2.677517939,4540.558533,3047.526,271.126,0,14.42347826,9624,24,1.459779851,0.09139084,0.165420714,0.075385754,0.185551111,0.175620727,0.215677,0.090953854,879.5454446,1592.008954,725.5124944,1785.743888,1690.173879,2075.675447,875.3398938
MAPLETREE INDUSTRIAL TRUST,2020,0.070769329,-2.870772063,7252.219859,3560.121,367.143,0,13.60916667,12989,36,0.284820512,0.080153111,0.213617073,0.093532197,0.169931092,0.131995241,0.227970623,0.082800664,1041.108755,2774.672167,1214.889705,2207.23495,1714.48618,2961.110425,1075.497818
MAPLETREE INDUSTRIAL TRUST,2021,0.025736359,-2.231799205,7098.32347,3895,164.497,0,13.28210526,16531,38,-7.449600129,0.088250437,0.193455472,0.116743082,0.177729847,0.125774936,0.215962162,0.082084066,1458.867967,3198.012406,1929.87988,2938.052102,2079.185459,3570.070499,1356.931687
MAPLETREE LOGISTICS TRUST,2015,0.054262369,-2.325404313,2745.283199,2888.325,259.792,0,38.315,1440,2,9.694968815,0.270032283,0.152657689,0.053418704,0.207769089,0.042593663,0.147897299,0.125631272,388.8464878,219.8270723,76.92293441,299.1874887,61.3348749,212.9721101,180.9090318
MAPLETREE LOGISTICS TRUST,2016,0.040146431,-1.976098879,2611.504626,2878.46,209.057,0,32.06666667,1503,3,2.45097258,0.430689565,0.095766214,0.047632038,0.160061961,0.038959208,0.100955796,0.125935218,647.326416,143.9366199,71.59095279,240.5731281,58.55568986,151.7365608,189.2806324
MAPLETREE LOGISTICS TRUST,2017,0.03727765,-2.009303283,2984.501789,3189.677,211.987,0,22.46625,4095,8,8.569201649,0.13138921,0.140460087,0.096259247,0.15372028,0.094596397,0.297932989,0.08564179,538.038816,575.1840561,394.1816156,629.4845467,387.3722449,1220.03559,350.7031307
MAPLETREE LOGISTICS TRUST,2018,0.07063835,-2.214737971,3883.874886,3811.781,471.746,0,18.964,7033,15,-4.97248773,0.119597113,0.162502536,0.076134166,0.141465818,0.184794676,0.2218734,0.093632291,841.1264987,1142.880337,535.4515867,994.9290973,1299.660955,1560.435622,658.5159028
MAPLETREE LOGISTICS TRUST,2019,0.056448135,-2.190031142,5578.397143,4667.188,456.007,0,23.316,8234,15,-1.519501571,0.099048831,0.162618993,0.056855376,0.143358274,0.20997879,0.21736542,0.110774315,815.568076,1339.004792,468.1471687,1180.412027,1728.965357,1789.786872,912.1157075
MAPLETREE LOGISTICS TRUST,2020,0.043555381,-1.999547368,8208.590034,5017.491,394.236,0,19.16157895,9907,19,-0.925006897,0.108602574,0.184552481,0.070825818,0.169898552,0.162796736,0.214158107,0.089165732,1075.925702,1828.361428,701.6713824,1683.184959,1612.827261,2121.664362,883.3649057
MAPLETREE LOGISTICS TRUST,2021,0.041298126,-1.941783066,9080.395975,6119.186,462.732,0,17.91148148,12654,27,-1.291986343,0.083079081,0.184943425,0.10403189,0.154551566,0.138922367,0.216995995,0.117475677,1051.28269,2340.274098,1316.419538,1955.69551,1757.923633,2745.867316,1486.537214
OVERSEA-CHINESE BANKING CORP,2015,0.010003085,0.757728219,35928.09675,34552.949,3903.1,0,16.72857143,2935,7,23.8324838,0.550089447,0.046276592,0.084762125,0.102810398,0.044080344,0.057575358,0.114405735,1614.512528,135.8217988,248.7768357,301.7485178,129.3758096,168.9836771,335.7808329
OVERSEA-CHINESE BANKING CORP,2016,0.008473382,0.755513251,41325.14516,37007.085,3473.1,0,12.12444444,2352,9,14.95028272,0.498473175,0.075118754,0.089899899,0.094570611,0.049324512,0.074926734,0.117686315,1172.408908,176.6793085,211.4445633,222.4300768,116.0112512,176.2276779,276.798214
OVERSEA-CHINESE BANKING CORP,2017,0.008934743,0.77837586,58293.5976,39028.467,4044.7,0,29.34166667,7908,12,-4.408237745,0.095845366,0.089259354,0.094125149,0.113092494,0.178160745,0.227763087,0.201753805,757.9451505,705.8629695,744.3416746,894.3354463,1408.895175,1801.150491,1595.469094
OVERSEA-CHINESE BANKING CORP,2018,0.009607673,0.772584109,51592.0524,42136.874,4492,0,34.69277778,13156,18,-15.43437215,0.120914363,0.060741528,0.135664579,0.11565259,0.132670901,0.1703646,0.26399144,1590.74936,799.1155428,1784.803197,1521.525468,1745.418368,2241.31668,3473.071383
OVERSEA-CHINESE BANKING CORP,2019,0.009903384,0.736946299,38640.8678,47161.9,4869.4,0,37.59388889,15333,18,5.858219482,0.127220685,0.068666885,0.119900419,0.108761518,0.116183377,0.168420978,0.290846138,1950.674765,1052.86935,1838.433128,1667.640352,1781.439715,2582.398851,4459.54384
OVERSEA-CHINESE BANKING CORP,2020,0.006877703,0.754555305,54582.8,49622,3586,0,42.21315789,18129,19,0.918132125,0.113738638,0.055821561,0.162171302,0.121127399,0.11786264,0.147063992,0.282214468,2061.96776,1011.989087,2940.003535,2195.918616,2136.731806,2666.123103,5116.266092
OVERSEA-CHINESE BANKING CORP,2021,0.008960008,0.733413905,55745.72,52663,4858,0,30.3388,30094,51,-1.613539554,0.104033676,0.075538991,0.115471593,0.104123566,0.153438602,0.135777,0.311616572,3130.789431,2273.27039,3475.002134,3133.4946,4617.58128,4086.073042,9377.789123
SATS LTD.,2015,0.09689555,-3.352265658,4144.35525,1441.102,195.695,0,18.83,971,2,-2.995788462,0.442206782,0.146878548,0.148659611,0.074831057,0.039107748,0.04192956,0.106386694,429.3827853,142.61907,144.3484819,72.6609563,37.97362331,40.71360308,103.3014801
SATS LTD.,2016,0.104758689,-3.343755905,4848.374723,1490.761,220.591,0,31.85,773,1,18.05777268,0.429259897,0.113597246,0.217211704,0.065404475,0.046127367,0.026850258,0.101549053,331.8179002,87.81067126,167.9046472,50.55765921,35.65645439,20.75524957,78.49741824
SATS LTD.,2017,0.113159065,-3.372484009,5394.223076,1603.479,257.935,0,12.01291139,18360,80,2.617247932,0.099960557,0.112938621,0.285773859,0.139205917,0.086744658,0.15280576,0.122570629,1835.275823,2073.553075,5246.808056,2555.820629,1592.631918,2805.513757,2250.396741
SATS LTD.,2018,0.111339261,-3.424343174,5835.873534,1634.081,261.465,0,11.80410256,17917,79,5.714327264,0.097723512,0.115109692,0.301367454,0.148924208,0.081958416,0.140615592,0.114301127,1748.957695,2060.118149,5393.573319,2665.296558,1466.809766,2516.597242,2045.647271
SATS LTD.,2019,0.103141093,-3.399887818,5393.497076,1649.231,248.408,0,11.4813,22285,102,3.759872356,0.10971549,0.132504717,0.299771154,0.119022019,0.083460158,0.143560563,0.111965899,2445.009687,2952.867616,6680.400178,2652.405685,1859.909629,3199.247155,2495.16005
SATS LTD.,2020,0.055924409,-2.307959805,3082.851556,1617.491,168.362,0,15.35246575,26931,82,7.46455711,0.105101088,0.136667028,0.304367567,0.11736454,0.122819426,0.105415104,0.108265248,2830.477388,3680.579744,8196.922959,3160.744418,3307.649953,2838.934157,2915.691381
SATS LTD.,2021,-0.025528346,-1.652758341,4480.9132,1546.342,-78.929,1,13.05701754,19433,58,-2.448829389,0.118577099,0.151450269,0.2455474,0.10268549,0.165494516,0.088922579,0.127322646,2304.308775,2943.133069,4771.722633,1995.48713,3216.054936,1728.03248,2474.260978
SEMBCORP INDUSTRIES LTD,2015,0.027559199,-1.06989851,2552.802395,6433.064,548.855,0,28.13066667,13136,15,8.639114845,0.104754148,0.166237766,0.077289282,0.155158253,0.104481015,0.238448121,0.153631414,1376.050492,2183.699298,1015.272012,2038.158807,1372.462615,3132.254517,2018.102259
SEMBCORP INDUSTRIES LTD,2016,0.017715785,-0.811539075,2722.975493,6701.418,394.889,0,27.18666667,24284,30,7.018253647,0.054243659,0.113304398,0.053315544,0.103934195,0.081243062,0.487536511,0.106422631,1317.25302,2751.484004,1294.714671,2523.937997,1972.906512,11839.33662,2584.367171
SEMBCORP INDUSTRIES LTD,2017,0.016129712,-0.679373768,2752.823458,6944,383,0,32.56857143,29038,28,8.10632278,0.052206787,0.104066152,0.045034367,0.09605906,0.109949515,0.46606506,0.126619058,1515.980689,3021.872934,1307.707962,2789.362978,3192.714007,13533.59722,3676.764208
SEMBCORP INDUSTRIES LTD,2018,0.014879293,-0.652631203,2364.39307,6788,347,0,34.7425,30013,28,8.241444785,0.050538964,0.112570517,0.050508934,0.089227782,0.097414521,0.483064652,0.11667463,1516.825937,3378.578916,1515.924645,2677.993415,2923.702011,14498.21941,3501.755661
SEMBCORP INDUSTRIES LTD,2019,0.010622742,-0.625228968,1412.162683,6871,247,0,31.34866667,17220,15,3.187219825,0.068391766,0.182234628,0.079795874,0.131504997,0.083161987,0.324782787,0.13012796,1177.706219,3138.080292,1374.084952,2264.516042,1432.049419,5592.759596,2240.803479
SEMBCORP INDUSTRIES LTD,2020,-0.073514231,0.224866422,3758.56199,3339,-997,1,19.049,10060,10,-4.759061102,0.056637137,0.139545932,0.060585732,0.140822959,0.097234214,0.373578722,0.131595304,569.7696028,1403.832078,609.4924616,1416.678965,978.1761905,3758.201948,1323.848754
SEMBCORP INDUSTRIES LTD,2021,0.01938173,-0.284752207,5304.495956,3767,279,0,25.404,11155,10,-5.801940672,0.053340471,0.147668253,0.072031847,0.138554126,0.094367018,0.325416332,0.168621954,595.0129523,1647.239365,803.5152495,1545.571273,1052.664086,3630.019181,1880.977894
SINGAPORE AIRLINES LTD,2015,0.015379406,-1.791650619,12383.80749,12463.6,367.9,0,19.21725,21631,47,10.44088176,0.148328438,0.109258534,0.243634428,0.162653785,0.119032866,0.146569087,0.070522862,3206.860824,2362.169499,5267.376329,3516.574837,2573.490569,3168.823665,1524.704277
SINGAPORE AIRLINES LTD,2016,0.033732272,-1.932607373,12871.39562,12754.7,804.4,0,20.52170732,24351,46,14.05603867,0.126705507,0.097090114,0.277387979,0.155686387,0.117250176,0.163633702,0.062246135,3084.898981,2363.852998,6753.565113,3790.49646,2854.690037,3983.989749,1515.50666
SINGAPORE AIRLINES LTD,2017,0.014579288,-1.813720306,12204.60837,13083,360.4,0,21.16487805,24989,46,16.43153701,0.122811732,0.094476422,0.287009435,0.156445029,0.118946912,0.151412781,0.068897691,3068.451122,2360.493395,7170.930728,3908.779041,2971.888585,3783.048322,1721.408805
SINGAPORE AIRLINES LTD,2018,0.050269383,-1.782223634,11830.51318,12860.3,1301.6,0,17.82350877,28398,59,10.35991338,0.134721487,0.088298382,0.289725054,0.140938054,0.130880957,0.142900097,0.072535971,3825.820776,2507.497443,8227.612073,4002.358854,3716.757406,4058.076952,2059.876496
SINGAPORE AIRLINES LTD,2019,0.022379791,-1.302351161,11242.58757,13286.8,682.7,0,19.685,36625,68,9.268010717,0.129496273,0.091806383,0.311396658,0.134192911,0.117243104,0.142325579,0.073539093,4742.800998,3362.408763,11404.90259,4914.815358,4294.028699,5212.674323,2693.36927
SINGAPORE AIRLINES LTD,2020,-0.006288413,-0.266355751,5769.470602,9314.1,-212,1,12.77414063,56913,139,11.12256465,0.111075354,0.138331699,0.2981862,0.126063792,0.095155329,0.12924911,0.101938515,6321.631636,7872.872008,16970.67123,7174.668568,5415.575221,7355.954608,5801.626731
SINGAPORE AIRLINES LTD,2021,-0.113638964,-0.597198237,15121.3623,15905.9,-4270.7,1,11.455,66226,169,11.16309317,0.109102237,0.132768271,0.317065488,0.141836958,0.095330106,0.106133869,0.097763071,7225.404746,8792.711505,20997.97898,9393.294355,6313.331624,7028.821627,6474.457167
SINGAPORE EXCHANGE LIMITED,2015,0.193500043,-2.600563557,7865.39648,976.396,348.612,0,20.105,1426,4,11.06860752,0.099260949,0.125793285,0.077209828,0.135668736,0.078043647,0.250586376,0.233437179,141.5461126,179.3812242,110.1012154,193.4636178,111.2902408,357.3361721,332.8814171
SINGAPORE EXCHANGE LIMITED,2016,0.165765686,-2.067685014,7606.69038,989.581,349.017,0,17.08272727,4394,11,3.33359675,0.10124044,0.092305282,0.064940861,0.188157872,0.136532267,0.26483813,0.151985148,444.8504918,405.5894108,285.3501431,826.7656904,599.9227798,1163.698745,667.8227393
SINGAPORE EXCHANGE LIMITED,2017,0.166416897,-2.274097348,8238.5996,1032.533,339.692,0,23.92454545,5183,12,0.668157895,0.113370131,0.066918383,0.081703457,0.156239754,0.1187981,0.25845947,0.204510705,587.5973864,346.8379809,423.4690177,809.7906443,615.730554,1339.595431,1059.978986
SINGAPORE EXCHANGE LIMITED,2018,0.171730803,-2.368790059,7383.7314,1096.232,363.2,0,23.99909091,5506,12,-2.138639196,0.130798234,0.065970903,0.088085051,0.147180381,0.118118223,0.245563003,0.204284205,720.1750759,363.235791,484.9962893,810.3751776,650.3589341,1352.069897,1124.788835
SINGAPORE EXCHANGE LIMITED,2019,0.183417062,-2.383759574,9510.54867,1090.849,391.098,0,24.1175,5907,12,-5.715064935,0.111874042,0.072737781,0.087142523,0.141443489,0.115907062,0.258809855,0.212085249,660.8399651,429.6620714,514.7508839,835.5066912,684.6630123,1528.789811,1252.787565
SINGAPORE EXCHANGE LIMITED,2020,0.176084013,-2.093982862,9171.838962,1244.848,471.815,0,25.37642857,7523,14,2.048334439,0.169781757,0.069801337,0.112396834,0.145515569,0.104005986,0.211444149,0.187054369,1277.268157,525.1154563,845.5613822,1094.713625,782.4370325,1590.69433,1407.210017
SINGAPORE EXCHANGE LIMITED,2021,0.147361003,-1.92588838,10410.9886,1384.909,445.406,0,22.69941176,18311,34,0.953290325,0.098289348,0.087362682,0.102707772,0.08350362,0.100410758,0.216555751,0.311170068,1799.77626,1599.698071,1880.682012,1529.034794,1838.621392,3965.352353,5697.835118
SINGAPORE TECH ENGINEERING LTD,2015,0.064760958,-0.515866152,9986.920804,2132.052,529.039,0,17.75210526,6782,19,5.049871824,0.140195625,0.1415018,0.215755247,0.173062735,0.081630707,0.116284425,0.13156946,950.8067293,959.6652057,1463.252088,1173.71147,553.6194552,788.6409723,892.3040799
SINGAPORE TECH ENGINEERING LTD,2016,0.057921211,-0.572688183,11781.61826,2182.262,484.514,0,11.38117647,4492,17,-6.992947171,0.142907687,0.163513433,0.124514192,0.19456765,0.091581383,0.150482275,0.132433379,641.9413315,734.5023427,559.3177514,873.9978848,411.3835718,675.9663805,594.8907373
SINGAPORE TECH ENGINEERING LTD,2017,0.062637837,-0.701611245,10905.0284,2215.011,502.632,0,12.39705882,5181,17,17.87681727,0.136377994,0.180048247,0.161030245,0.151571186,0.093642023,0.159597336,0.117732969,706.5743848,932.8299692,834.297701,785.290313,485.1593202,826.8737974,609.9745144
SINGAPORE TECH ENGINEERING LTD,2018,0.06526337,-0.847981028,12229.59248,2246.377,494.241,0,12.6625,4861,16,14.82995567,0.116740911,0.140335769,0.175554971,0.179091787,0.091913349,0.186452824,0.10991039,567.4775677,682.1721748,853.3727131,870.5651748,446.7907875,906.3471754,534.2744067
SINGAPORE TECH ENGINEERING LTD,2019,0.060700379,-0.413300499,10344.26178,2222.279,577.945,0,16.81545455,7571,24,12.70553557,0.128525803,0.129380838,0.186139704,0.145166482,0.090388891,0.173132261,0.14726602,973.0688581,979.5423281,1409.263698,1099.055434,684.3342971,1310.784345,1114.95104
SINGAPORE TECH ENGINEERING LTD,2020,0.052372993,-0.356222722,12057.10536,2292.614,521.84,0,13.88555556,19670,55,17.32497248,0.08381251,0.077566286,0.107450936,0.106960509,0.076808229,0.448669649,0.09873188,1648.592078,1525.72885,2113.559915,2103.913215,1510.817864,8825.332002,1942.056076
SINGAPORE TECH ENGINEERING LTD,2021,0.054256229,-0.338253976,12766.04208,2412.762,570.54,0,20.23157303,39229,89,5.079849724,0.085769971,0.081634014,0.113002572,0.11720358,0.109751535,0.371565208,0.121073119,3364.670184,3202.420754,4432.977917,4597.779256,4305.442965,14576.13153,4749.577391
SINGTEL,2015,0.089892742,-2.403029173,65651.66852,24733.3,3781.5,0,17.6337037,22156,56,14.31995628,0.166291171,0.090504818,0.194380518,0.141552701,0.1551807,0.122215793,0.129874298,3683.515726,2004.772232,4305.722854,3135.533884,3437.407694,2707.202035,2876.845576
SINGTEL,2016,0.088849714,-2.314016418,66296.15616,24966.8,3870.8,0,20.84055556,24484,56,9.502445042,0.176988739,0.091487608,0.170365242,0.156880433,0.139081594,0.10647818,0.158718203,4333.392295,2239.982591,4171.222594,3841.060522,3405.273746,2607.011758,3886.056493
SINGTEL,2017,0.079775625,-2.332161526,63001.74656,28191.2,3852.7,0,14.77046154,28065,68,13.03423721,0.148672767,0.148613904,0.145145108,0.147714645,0.171225586,0.09955971,0.13906828,4171.609158,4169.95753,4072.626598,4144.72523,4804.418715,2793.545908,3902.11686
SINGTEL,2018,0.112855832,-2.642436275,52391.97327,29714.7,5473,0,13.17316667,25969,61,11.50975664,0.153601157,0.146641129,0.123575364,0.146785829,0.16715551,0.105377749,0.156863262,3987.332432,3806.657074,3207.892866,3810.413344,4339.189874,2735.500992,4072.013419
SINGTEL,2019,0.063263061,-2.400187954,54185.28508,29837.8,3094.5,0,11.97016949,26096,62,12.08602432,0.147839039,0.144806103,0.131776569,0.150237235,0.174032729,0.103566784,0.147741541,3858.007571,3778.860062,3438.841354,3920.590876,4541.558098,2702.678791,3855.463248
SINGTEL,2020,0.021950816,-1.863901534,40802.7475,26789.2,1074.6,0,14.12109375,28489,65,12.87764531,0.16853129,0.142835354,0.145852779,0.151521896,0.154293024,0.09945386,0.137511796,4800.445276,4068.522233,4154.470546,4315.949691,4394.882498,2832.843745,3916.886011
SINGTEL,2021,0.011535801,-1.842935909,37638.48852,26485.8,553.7,0,13.11056338,36588,74,13.21321192,0.121237353,0.137418317,0.14839289,0.132483242,0.16069495,0.117727504,0.182045744,4435.347309,5027.311706,5428.805504,4846.766917,5878.864045,4306.943008,6659.961511
THAI BEVERAGE PUBLIC CO LTD,2015,0.145394158,-3.028480314,17074.8,4392.833,1003,0,14.32441176,41541,140,13.77668668,0.336987589,0.153587603,0.096019263,0.089813836,0.116535828,0.117270776,0.089785106,13996.77949,6379.26109,3988.160103,3730.417675,4840.315597,4870.841674,3729.224371
THAI BEVERAGE PUBLIC CO LTD,2016,0.131570576,-2.988606351,21720.15,4730.832,972.7893,0,21.07506173,39760,84,10.4046106,0.284032927,0.175338555,0.10545072,0.093582779,0.116950829,0.120504881,0.104139307,11290.30886,6969.707564,4191.666138,3719.915481,4648.79547,4790.069031,4139.537456
THAI BEVERAGE PUBLIC CO LTD,2017,0.176142946,-3.321519618,23101.223,5245.4757,1393.6098,0,12.77823944,44212,154,11.42568171,0.276824946,0.168360045,0.097987111,0.10769956,0.127690647,0.124922507,0.096515185,12237.87723,7442.860857,4331.8142,4761.18213,5644.948131,5522.574168,4266.743287
THAI BEVERAGE PUBLIC CO LTD,2018,0.042167216,-0.951936012,18488.925,5116.5835,745.4843,0,13.30613636,51771,191,17.02567111,0.290895375,0.143015526,0.110380555,0.108482072,0.117478399,0.126683578,0.103064494,15057.61729,7402.912689,5713.628649,5615.357518,6081.034381,6557.522046,5334.927427
THAI BEVERAGE PUBLIC CO LTD,2019,0.054537453,-0.991720795,19746.675,5237.2238,1004.6192,0,13.05486842,66461,232,16.41640401,0.323238126,0.137752165,0.105491445,0.112357637,0.113142453,0.115363585,0.092654589,21475.29463,9151.978331,7008.640636,7464.8167,7516.958264,7664.525851,6155.785592
THAI BEVERAGE PUBLIC CO LTD,2020,0.053877772,-1.246502509,20846.0393,6160.087,1009.0131,0,13.09897321,74222,240,13.80029081,0.319578013,0.131504759,0.128797038,0.101093291,0.107312202,0.115370049,0.096344647,23719.71928,9760.546218,9559.573758,7503.346278,7964.926262,8562.995776,7150.892423
THAI BEVERAGE PUBLIC CO LTD,2021,0.05542578,-1.428810309,16327.19075,6898.724,1056.9591,0,12.82810078,82926,276,14.726382,0.301754927,0.140749023,0.130446073,0.098593018,0.099597115,0.117267976,0.111591868,25023.32906,11671.75347,10817.37104,8175.924649,8259.190397,9724.56418,9253.867205
UNITED OVERSEAS BANK LTD,2015,0.010154384,0.741445799,30122.5428,30768.406,3208.899,0,24.27,7135,18,27.43015884,0.302669462,0.053560901,0.085924749,0.159962226,0.059491958,0.132325954,0.206064749,2159.546615,382.15703,613.0730859,1141.330485,424.4751172,944.1456813,1470.271986
UNITED OVERSEAS BANK LTD,2016,0.009105992,0.750054466,36050.65332,32873.189,3096.289,0,27.00631579,8781,20,20.26630369,0.31854622,0.109991946,0.089617599,0.205481245,0.049431096,0.102265566,0.124666329,2797.154355,965.8392762,786.9321341,1804.330812,434.0544574,897.9939336,1094.695032
UNITED OVERSEAS BANK LTD,2017,0.009454443,0.713786359,50095.79349,36849.934,3390.291,0,22.65870968,12448,33,16.6877058,0.266149591,0.097827123,0.088305075,0.179655521,0.079388391,0.136856523,0.151817776,3313.030109,1217.752022,1099.221577,2236.351931,988.226687,1703.590002,1889.827673
UNITED OVERSEAS BANK LTD,2018,0.010327441,0.74307333,46273.34213,37623.096,4008.001,0,21.923,17996,42,19.76978576,0.233223674,0.154244723,0.097759451,0.141022194,0.075222493,0.139900874,0.158626591,4197.093231,2775.788043,1759.279078,2537.835397,1353.703987,2517.656126,2854.644137
UNITED OVERSEAS BANK LTD,2019,0.010739995,0.734732118,32866.18147,39636.51,4343.346,0,24.17885714,39762,72,1.338174511,0.119310196,0.103401916,0.12560065,0.103987514,0.120420848,0.199516066,0.227762809,4741.745125,4109.502365,4991.746635,4132.775772,4785.885756,7929.367019,9051.977328
UNITED OVERSEAS BANK LTD,2020,0.006750592,0.771600407,44513.60882,40901,2915,0,24.49963303,59614,110,-7.857944855,0.111634521,0.074459941,0.146070972,0.08948586,0.123045814,0.165606183,0.289696709,6654.980307,4438.854916,8707.874931,5334.610059,7335.253182,9872.446971,17269.97963
UNITED OVERSEAS BANK LTD,2021,0.008871753,0.773034869,50494.09967,42633,4075,0,21.73755725,70205,132,-2.715733022,0.106728453,0.108982336,0.116064072,0.089587005,0.146174151,0.156440925,0.276023059,7492.871016,7651.104892,8148.278177,6289.455685,10262.15627,10982.93512,19378.19884
UOL GROUP LIMITED,2015,0.034030035,-2.948973318,4872.86028,7894.175,391.389,0,9.973968254,15235,70,21.85574515,0.122896312,0.209685491,0.122458439,0.1632278,0.124412513,0.140049132,0.117270313,1871.58794,3193.300343,1864.919562,2485.796162,1894.67816,2132.808229,1785.909604
UOL GROUP LIMITED,2016,0.024834446,-3.005509121,5857.56808,8127.154,287.04,0,12.68375,9999,28,12.67096149,0.111874537,0.308910354,0.082654671,0.162915683,0.154477333,0.072803018,0.106364404,1118.633494,3088.794628,826.4640523,1628.993919,1544.618857,727.9573745,1063.537676
UOL GROUP LIMITED,2017,0.044835806,-2.945260813,7288.62838,9451.133,880.239,0,8.68442623,17914,74,11.34239701,0.101316828,0.214008271,0.102799568,0.177640227,0.201369195,0.091936553,0.110929357,1814.989649,3833.744175,1841.551469,3182.247028,3607.327763,1646.951413,1987.188502
UOL GROUP LIMITED,2018,0.020285971,-2.716512502,6412.78719,9621.051,418.304,0,16.02636364,17262,38,9.121182116,0.099795726,0.257144817,0.073033337,0.188580103,0.208853199,0.07296776,0.099625058,1722.673818,4438.833837,1260.701466,3255.269735,3605.223914,1259.569479,1719.727751
UOL GROUP LIMITED,2019,0.023183027,-2.695868632,5591.86134,10047.48,478.817,0,15.89545455,18594,37,12.59006401,0.087303849,0.249549362,0.089894505,0.184655401,0.204406865,0.081648365,0.102541653,1622.542041,4637.874887,1670.689368,3431.820636,3798.901591,1517.434862,1905.736616
UOL GROUP LIMITED,2020,0.000645005,-2.582814881,6540.1723,9788.141,13.141,0,10.52844828,20531,62,13.46117865,0.097758827,0.214065664,0.104689237,0.182204029,0.192898265,0.101148101,0.107235877,2007.086485,4394.982157,2149.374716,3740.83091,3960.394287,2076.671656,2201.659789
UOL GROUP LIMITED,2021,0.01444942,-2.615667488,6155.261928,10168.323,307.411,0,11.93203125,23889,70,17.89213851,0.102905563,0.22207108,0.094940614,0.174864163,0.150445242,0.120055655,0.134717682,2456.767408,5301.724972,2266.612223,4174.707034,3591.729697,2866.208715,3216.249951
VENTURE CORPORATION LIMITED,2017,0.14469699,-3.216587618,5957.255668,2165.75,454.957,0,17.82227273,6499,24,7.602732798,0.092942875,0.059880013,0.110778111,0.144144246,0.155056198,0.270983107,0.16621545,604.0357452,389.160205,719.946944,936.7934524,1007.710231,1761.119213,1080.23421
VENTURE CORPORATION LIMITED,2018,0.08206773,-3.184777518,4988.034978,2349.866,262.994,0,10.7425,5695,30,9.806647059,0.083228417,0.072083172,0.093585306,0.20244864,0.180726053,0.240927994,0.127000418,473.9858356,410.5136661,532.9683185,1152.945002,1029.23487,1372.084927,723.2673808
VENTURE CORPORATION LIMITED,2019,0.073659729,-3.310679335,4358.639666,2496.198,241.18,0,9.886363636,9817,33,2.818682566,0.068964693,0.13346363,0.099600091,0.177870973,0.203653401,0.21371473,0.102732484,677.0263863,1310.212457,977.7740904,1746.15934,1999.265435,2098.0375,1008.524792
VENTURE CORPORATION LIMITED,2020,0.142345875,-3.823574379,5867.359498,2586.45,461.139,0,12.99694444,12413,38,1.744233661,0.08018715,0.121538359,0.119046723,0.195284851,0.175363031,0.216689911,0.091889975,995.3630887,1508.655653,1477.726967,2424.07086,2176.781303,2689.771865,1140.630262
VENTURE CORPORATION LIMITED,2021,0.029733216,-3.02744103,5055.87624,2716.352,108.088,0,10.17060606,11680,34,-3.436260494,0.066287246,0.141016115,0.092487108,0.186774474,0.232470556,0.188029326,0.092935175,774.2350366,1647.068227,1080.24942,2181.525858,2715.256094,2196.182525,1085.482838
WILMAR INTERNATIONAL LIMITED,2015,0.026876804,-1.126372634,23182.8028,20397.9344,1406.405,0,6.219268293,25106,83,6.333979433,0.130034576,0.265569509,0.085300653,0.085927678,0.183928733,0.142362342,0.106876509,3264.648073,6667.388099,2141.558205,2157.300275,4617.714761,3574.148958,2683.241628
WILMAR INTERNATIONAL LIMITED,2016,0.025055827,-1.123824605,22424.782,20883.8838,1342.454,0,8.006585366,25218,82,11.77664035,0.129524375,0.249199482,0.083853384,0.111165724,0.185650322,0.142377667,0.098229046,3266.34569,6284.312528,2114.614647,2803.377219,4681.729829,3590.480002,2477.140084
WILMAR INTERNATIONAL LIMITED,2017,0.030174133,-1.145107007,20621.73962,21336.9371,1650.8412,0,10.8427,44865,103,10.49928381,0.122017173,0.289167387,0.081503945,0.114512633,0.163000692,0.133497459,0.096300712,5474.300465,12973.4948,3656.674479,5137.609276,7313.026033,5989.363509,4320.531439
WILMAR INTERNATIONAL LIMITED,2018,0.024358846,-0.846317663,23156.70398,21870.3927,1517.72,0,8.949067797,42557,119,9.764581608,0.121313832,0.280956517,0.088065975,0.119029152,0.166983825,0.130686755,0.092963945,5162.752753,11956.66648,3747.823682,5065.523623,7106.330646,5561.636218,3956.266602
WILMAR INTERNATIONAL LIMITED,2019,0.027891643,-0.936318348,21685.78361,22538.8696,1764.3389,0,11.14234568,44013,81,6.004463925,0.111787767,0.347089729,0.083956066,0.104046472,0.163256622,0.112818315,0.077045028,4920.114983,15276.46023,3695.158338,4579.397386,7185.413718,4965.472514,3390.982833
WILMAR INTERNATIONAL LIMITED,2020,0.031386152,-1.173915802,33075.61203,24949.2557,2115.8251,0,13.0675,64232,121,13.03488894,0.137513827,0.263910541,0.120222279,0.140987723,0.143048934,0.107621958,0.086694739,8832.788117,16951.50188,7722.117395,9055.92341,9188.319135,6912.773606,5568.576458
WILMAR INTERNATIONAL LIMITED,2021,0.032103713,-0.983403761,27764.8383,26849.414,2540.334,0,17.55886179,68472,123,12.49013724,0.156729598,0.237621223,0.132079711,0.149037378,0.103766609,0.125636212,0.095129269,10731.58902,16270.40038,9043.761967,10204.88733,7105.107278,8602.56268,6513.691336
YANGZIJIANG SHIPBLDG HLDGS LTD,2015,0.059725167,-1.995619077,2104.400635,4761.7594,538.1,0,26.1125,1827,4,28.71016818,0.186998179,0.158350257,0.117364437,0.156757925,0.06988863,0.132172759,0.178467813,341.6456729,289.3059201,214.4248266,286.3967291,127.6865271,241.4796305,326.0606938
YANGZIJIANG SHIPBLDG HLDGS LTD,2016,0.042377367,-2.03487285,2474.521355,4730.8582,364.3,0,35.08,2244,4,20.83666473,0.181876574,0.139375242,0.131938654,0.148815807,0.06032578,0.124803721,0.212864223,408.1310324,312.7580422,296.07034,333.9426707,135.3710501,280.0595489,477.6673157
YANGZIJIANG SHIPBLDG HLDGS LTD,2017,0.067275987,-2.423903146,2584.89903,5317.2128,599.4,0,32.754,3495,5,25.23156567,0.15506194,0.110360041,0.127556788,0.130646932,0.079482407,0.186991918,0.209899974,541.9414802,385.7083443,445.8109753,456.6110258,277.791011,653.5367545,733.6004089
YANGZIJIANG SHIPBLDG HLDGS LTD,2018,0.070375726,-2.733810123,3375.678821,5766.5862,626.3,0,16.69333333,1117,3,28.04392665,0.239354464,0.158498468,0.136508504,0.128791499,0.088338411,0.072823264,0.17568539,267.3589368,177.0427883,152.4799989,143.8601045,98.67400531,81.34358556,196.2405806
YANGZIJIANG SHIPBLDG HLDGS LTD,2019,0.069403468,-2.936383621,2087.251293,6004.421,613.2,0,9.495277778,9997,40,20.50391169,0.141921376,0.136073731,0.136689157,0.146501016,0.112182844,0.122601966,0.204029911,1418.362229,1359.920863,1366.071434,1464.131157,1121.155347,1225.284043,2039.074927
YANGZIJIANG SHIPBLDG HLDGS LTD,2020,0.055349878,-3.112656575,3040.735826,6547.0575,503.2,0,8.551142857,8857,36,20.73478801,0.10999368,0.127327771,0.118328232,0.154714117,0.11597029,0.167493219,0.206172692,974.2140209,1127.742068,1048.03315,1370.302931,1027.14886,1483.487438,1826.071532
YANGZIJIANG SHIPBLDG HLDGS LTD,2021,0.070449004,-2.929791737,3589.92381,7616.3678,770.9,0,12.12410256,9945,40,15.28158047,0.115721752,0.118344472,0.127337187,0.137289784,0.104363509,0.148677913,0.248265383,1150.852824,1176.935775,1266.368322,1365.346906,1037.895098,1478.60184,2468.999234
