"X1","X2","X3","X4","X5","X6","X7","X8","X9","X10","X11","X12","X13","X14","X15","X16","X17","Company","Year"
0.0582505378552818,0.013038260700347,0.0132220504448793,0.0259035428176049,0.00531909142999232,0.00807593759797615,0.0264549120512017,0.00954625555423419,0.0378498762122015,0.0564126404099592,0.00660561964171811,0.00697319913078262,0.0139572094230083,0.338346108522439,0.369038995859325,0.00384877347373428,0.00715698887531487,"ASCENDAS REAL ESTATE INV TRUST",2015
0.0300666360294118,0.0187385110294118,0.0148322610294118,0.00741038602941176,0.00604319852941176,0.00565257352941176,0.0286994485294118,0.00760569852941176,0.0331916360294118,0.0427619485294118,0.00545726102941176,0.00584788602941176,0.0197150735294118,0.373230698529412,0.394910386029412,0.00350413602941176,0.00233226102941176,"ASCENDAS REAL ESTATE INV TRUST",2016
0.0117053655175054,0.0121934878735093,0.00340728546543902,0.00178021094542601,0.00682414195746636,0.00893933883348328,0.0512432763538217,0.0016175034934247,0.0434333186577592,0.0146340996535288,0.0102409984494937,0.0442468559177657,0.0130070251335158,0.413267357056718,0.357458701020271,0.00373270036944163,0.00226833330142991,"ASCENDAS REAL ESTATE INV TRUST",2017
0.0111649687808084,0.023734801183043,0.00362306933946763,0.00613703581991456,0.00669569503779165,0.00655603023332238,0.0448241866579034,0.00334373973052908,0.0248521196187972,0.0173102201774565,0.0187068682221492,0.055857706210976,0.0156342425238252,0.405857706210976,0.351807426881367,0.00180742688136707,0.00208675649030562,"ASCENDAS REAL ESTATE INV TRUST",2018
0.00916915325906044,0.0179634433431797,0.00891424630010046,0.00292393276454094,0.00623772323102068,0.0047082814772608,0.0174536294252598,0.0208948733712195,0.027522454304179,0.0236988499197793,0.00814952542322052,0.0762096834655351,0.0240812103582192,0.397137544796149,0.350234664347513,0.00241411884662098,0.00228666536714099,"ASCENDAS REAL ESTATE INV TRUST",2019
0.00868934143169564,0.0159759192241938,0.00165116970030539,0.00918615355391142,0.00123715959845891,0.00289320000584485,0.00587407273913954,0.138357305330015,0.0482687071682196,0.0122498283075754,0.00612247880024743,0.13777769118743,0.0280650141981111,0.206337764053208,0.371693398730694,0.000409139394765938,0.00521165657618516,"ASCENDAS REAL ESTATE INV TRUST",2020
0.00658829327689676,0.00110529672687212,0.00147493694372771,0.00233743078305743,0.00233743078305743,0.00369277824486128,0.00283028440553156,0.122532107963935,0.083165424868814,0.0139810976140086,0.00461687878700026,0.151548864987099,0.00701954019656162,0.212231467254226,0.383313280955556,0.00067404980720726,0.000550836401588728,"ASCENDAS REAL ESTATE INV TRUST",2021
0.00434037692747002,0.0223015419760137,0.0237578526556254,0.0324957167332953,0.00968018275271273,0.00385494003426613,0.0494860079954312,0.392689891490577,0.0237578526556254,0.0164762992575671,0.0106510565391205,0.0019131924614506,0.0388063963449457,0.233952027412907,0.12181610508281,0.00531125071387778,0.00870930896630497,"CAPITALAND INTEGRATED COMM TR",2015
0.0184854315557999,0.00933434121312076,0.00524555616639179,0.0260788894997251,0.0140072384093824,0.00719259666483416,0.0058296683159245,0.344809419094741,0.0225742166025289,0.00816611691405534,0.00855552501374381,0.00816611691405534,0.0256894814000366,0.305284496976361,0.18164742532527,0.00427203591717061,0.00466144401685908,"CAPITALAND INTEGRATED COMM TR",2016
0.0105635794021512,0.00498772860422769,0.00229593856385084,0.0140244523112071,0.00652589434158589,0.00133458497800197,0.0251761539070541,0.308006378863793,0.00806406007894409,0.016716242351584,0.0109481208364907,0.00441091645271837,0.0111403915536605,0.369148466923782,0.201488401551738,0.00383410430120904,0.00133458497800197,"CAPITALAND INTEGRATED COMM TR",2017
0.00532594340643876,0.0161835068955812,0.0200480633917166,0.00735023490441447,0.0222563813895083,0.00495789040680682,0.0110307649007339,0.261490831150274,0.0279612028838035,0.00937452640239018,0.00182943990993527,0.00293359890883111,0.00863842040312628,0.398406547013358,0.194873238216891,0.0044058109073589,0.00293359890883111,"CAPITALAND INTEGRATED COMM TR",2018
0.00976426971192926,0.0198754931699677,0.00942722892999465,0.00234937250936775,0.00757350462935427,0.00268641329130237,0.0106068716667658,0.240974246119075,0.0685778861595194,0.0170106465235235,0.00875314736612542,0.0141457998770792,0.00892166775709272,0.346805051646543,0.225975931322984,0.00251789290033506,0.00403457641904082,"CAPITALAND INTEGRATED COMM TR",2019
0.00592909933312426,0.00210654627005213,0.00411841630324799,0.0219234660970313,0.00773978236300053,0.00703562785138198,0.0112605549210933,0.353982615076007,0.0329887512796085,0.0287638242098972,0.0117635224293922,0.0746344609667627,0.00934927838955721,0.228441925004586,0.188405711343988,0.0011006112534542,0.0104558069078149,"CAPITALAND INTEGRATED COMM TR",2020
0.00824700076616683,0.0143144710355625,0.000966036442892018,0.0289572992857041,0.00387842217220194,0.00355482375783417,0.00929869561286208,0.319629574991553,0.0626924339835441,0.0383416533023694,0.00743800473024741,0.105083826265722,0.0132627761888673,0.187196923911543,0.193102594973755,0.00137053446085173,0.00266492811832281,"CAPITALAND INTEGRATED COMM TR",2021
0.00479919324953982,0.0336125775312707,0.004282824355602,0.00232062255863824,0.00686466882529114,0.000926426545006105,0.00572865725862792,0.129605554914313,0.16177533700664,0.0799825042068878,0.000564968319249625,0.161981884564215,0.00954978707376785,0.272123369641154,0.12315094374009,0.000719878987430974,0.00201080122227555,"CAPITALAND INVESTMENT LIMITED",2021
0.0321153765294538,0.0299233345947385,0.00614444491163156,0.00662097576700444,0.00609679182609427,0.00118852401575355,0.00118852401575355,0.0154367965914028,0.486153975528739,0.0447910972823726,0.0101473040967638,0.00104556475914168,0.00380944372030442,0.32761215994618,0.0232519026195181,0.0030469943517078,0.00142678944343999,"CITY DEVELOPMENTS LIMITED",2015
0.0325442542992894,0.0267782309492775,0.00366648446369255,0.00590617948394512,0.00685924119469089,0.000950258588067107,0.000235462305007779,0.0124346522025536,0.492920713675034,0.0517007946852794,0.00728811896452648,0.0018080141277383,0.00333291286493153,0.321512564997407,0.0278265988310978,0.00133148327236542,0.00290403509509594,"CITY DEVELOPMENTS LIMITED",2016
0.0115747378338522,0.0228038464689497,0.00957264869736195,0.005089709978699,0.00443685482549566,0.00343581025725053,0.00421923644109454,0.0144037768310667,0.514577871538588,0.0530092782238243,0.0103995985580862,0.0114876904800918,0.00287000245780764,0.3021823283631,0.0272432615107324,0.00125962641323939,0.00143372112076028,"CITY DEVELOPMENTS LIMITED",2017
0.00381348360637876,0.0102223151985844,0.0189649987578939,0.00377643833705965,0.00511006803254754,0.00181303906314693,0.0256701925046525,0.00955550035084049,0.58349785791178,0.0357465057594498,0.00629551665075899,0.015890241404408,0.00144258636995585,0.265464220807238,0.00929618346560674,0.00144258636995585,0.00199826540974247,"CITY DEVELOPMENTS LIMITED",2018
0.00345511271952205,0.00166259647484358,0.0111053159780605,0.00163058725618861,0.00438338006051625,0.00892868910952237,0.00598384099326488,0.0100490117624464,0.684643294915995,0.01168148191385,0.00684808989694915,0.0394014652690563,0.00124647663232893,0.205881411493569,0.00166259647484358,0.000510264603264564,0.000926384445779208,"CITY DEVELOPMENTS LIMITED",2019
0.00156465685314766,0.00128496004448825,0.00346659515203167,0.00134089940622013,0.00139683876795201,0.00139683876795201,0.00184435366180707,0.00710265366460404,0.674095633274707,0.00668310845161492,0.00327080738597008,0.0917109382840765,0.000389930256778123,0.203058237811389,0.000389930256778123,0.000361960575912182,0.000641657384571595,"CITY DEVELOPMENTS LIMITED",2020
0.00201039945499209,0.00103023489052047,0.0027584197805099,0.000385389782315464,0.000514358803956466,0.00177825521603828,0.00167507999872548,0.00211357467230489,0.695992704905223,0.00753027358122697,0.0030679454324483,0.0862529643908945,0.000669121629925668,0.193219870939941,0.000333802173659064,0.000385389782315464,0.000282214565002663,"CITY DEVELOPMENTS LIMITED",2021
0.00614154348976298,0.00671082505642585,0.00272585408978575,0.00477526772977209,0.00728010662308872,0.00454755510310694,0.00431984247644179,0.00579997454976525,0.00181500358312515,0.0457635405294988,0.00636925611642813,0.00352284828311377,0.574626115959306,0.312301170041055,0.00853252606974704,0.00192885989645773,0.00283971040311832,"COMFORTDELGRO CORPORATION LTD",2015
0.00769731531390777,0.0061036898158998,0.000526000572871911,0.00557248131656381,0.00141134807176523,0.00495273806733849,0.00371325156888785,0.00265083457021587,0.00468713381767049,0.02991953753613,0.00468713381767049,0.00327057781944119,0.627529099289118,0.281446761971721,0.00406739056844517,0.00256229982032654,0.0092024060620264,"COMFORTDELGRO CORPORATION LTD",2016
0.00323481767163341,0.00911767213492951,0.00195593626656904,0.0052810279197364,0.00579258048176215,0.00545154544041165,0.00468421659737303,0.00144438370454329,0.00434318155602253,0.0259136479214416,0.00434318155602253,0.00118860742353041,0.624089110450216,0.290045287447403,0.00715672064716414,0.00357585271298391,0.00238223006825716,"COMFORTDELGRO CORPORATION LTD",2017
0.0040009428203625,0.0157136727083724,0.00718598340394413,0.00379545633109917,0.00461740228815249,0.00482288877741583,0.00780244287173412,0.0043091725542575,0.00523386175594249,0.0122204023908957,0.00831615909489245,0.00677501042541747,0.624159167417095,0.283668054707756,0.00420642930962583,0.000713158992149207,0.00245979415088752,"COMFORTDELGRO CORPORATION LTD",2018
0.00222613717245244,0.0157848774110176,0.005487100014639,0.0124380997571946,0.0188742106299312,0.0154416181644717,0.042902357888148,0.0102069146546459,0.0137253219317419,0.0159565070342906,0.0108934331477378,0.050110802065613,0.488710304339706,0.286273163689229,0.00797572955209716,0.00119635943281457,0.00179706311426999,"COMFORTDELGRO CORPORATION LTD",2019
0.00639343125699514,0.00243653615680992,0.0042886998207264,0.0142230321999148,0.0132969503679566,0.00639343125699514,0.0158226280914791,0.00992938006992661,0.0115289759614908,0.0125392470508998,0.00546734942503689,0.150020304467973,0.436937293860127,0.297098937234432,0.00723532383150263,0.000836940265245684,0.00555153868248764,"COMFORTDELGRO CORPORATION LTD",2020
0.00172666760738188,0.0029905640194637,0.000617534021269268,0.00077229684723847,0.000462771195300065,0.00185563662902289,0.00159769858574088,0.00350644010602771,0.693903406754639,0.00714336651630396,0.0030163578237919,0.0879295616722275,0.000746503042910269,0.192110737353829,0.000901265868879472,0.000385389782315464,0.000333802173659064,"COMFORTDELGRO CORPORATION LTD",2021
0.0722340749771411,0.0307832977750686,0.0256019506248095,0.118866199329473,0.144772935080768,0.165498323681804,0.0256019506248095,0.061871380676623,0.0256019506248095,0.0307832977750686,0.0929594635781774,0.0307832977750686,0.0307832977750686,0.0411459920755867,0.0359646449253276,0.0463273392258458,0.0204206034745504,"DAIRY FARM INT'L HOLDINGS LTD",2015
0.032496914849856,0.018510900863842,0.018510900863842,0.123406005758947,0.172357054709996,0.0954339777869189,0.032496914849856,0.153709036061977,0.0138488962018374,0.011517893870835,0.081447963800905,0.011517893870835,0.107088989441931,0.011517893870835,0.0208419031948444,0.0278349101878514,0.067461949814891,"DAIRY FARM INT'L HOLDINGS LTD",2016
0.0902293120638086,0.0224327018943171,0.0139581256231306,0.0676304420073114,0.101528747092057,0.251246261216351,0.0309072781655035,0.166500498504487,0.0196078431372549,0.0167829843801928,0.0450315719508142,0.0252575606513792,0.0506812894649385,0.0139581256231306,0.0167829843801928,0.0280824194084413,0.0393818544366899,"DAIRY FARM INT'L HOLDINGS LTD",2017
0.109345928152283,0.0485186775440103,0.0339201373980249,0.189637898955202,0.0168885072277086,0.243165879490482,0.0436524974953485,0.0825819378846429,0.0120223271790468,0.0217546872763704,0.0120223271790468,0.0120223271790468,0.0436524974953485,0.0144554172033777,0.0120223271790468,0.0655503077143266,0.0387863174466867,"DAIRY FARM INT'L HOLDINGS LTD",2018
0.0844241922120961,0.0210439105219553,0.0168185584092792,0.0816072908036454,0.00977630488815245,0.271748135874068,0.0703396851698426,0.0745650372825186,0.00977630488815245,0.0125932062966031,0.0590720795360398,0.0689312344656172,0.0210439105219553,0.142170671085336,0.00977630488815245,0.028086164043082,0.0182270091135046,"DAIRY FARM INT'L HOLDINGS LTD",2019
0.145765250544662,0.0138208061002179,0.00803376906318083,0.135348583877996,0.00571895424836601,0.201320806100218,0.0392837690631808,0.0948393246187364,0.0184504357298475,0.00456154684095861,0.0288671023965142,0.145765250544662,0.062431917211329,0.0219226579520697,0.0219226579520697,0.0358115468409586,0.0161356209150327,"DAIRY FARM INT'L HOLDINGS LTD",2020
0.0465730277748442,0.0483683599112895,0.0322103706832823,0.156088288098004,0.0124617171823846,0.0986376597317563,0.0555496884570704,0.0483683599112895,0.0106663850459394,0.0537543563206252,0.0770936740944133,0.118386313232654,0.0501636920477347,0.08966099904953,0.0429823635019537,0.044777695638399,0.0142570493188299,"DAIRY FARM INT'L HOLDINGS LTD",2021
0.00825593395252838,0.00825593395252838,0.0101026560208571,0.0313399598066373,0.0147194611916789,0.0378034870457878,0.117212535983923,0.030416598772473,0.017489544294172,0.00363912878170659,0.274183911791864,0.265873662484384,0.0239530715333225,0.10613220357395,0.0239530715333225,0.020259627396665,0.00640921188419966,"DBS GROUP HOLDINGS LTD",2015
0.0246621500519769,0.00790407570706528,0.0508656844822024,0.00607592214216582,0.0197870738789117,0.00912284475033158,0.130999749076962,0.00729469118543213,0.00424776857726637,0.00485715309889952,0.227891888016633,0.253790730186042,0.0115603828368642,0.214180736279887,0.0106463060544145,0.00820876796788185,0.00790407570706528,"DBS GROUP HOLDINGS LTD",2016
0.00409432495465146,0.0328755290662521,0.00703118251705969,0.0178975554979701,0.00732486827330051,0.00556275373585558,0.13214131467565,0.0290576142351214,0.0123175261293945,0.0240649563790274,0.219365984279174,0.331260257406928,0.0314071002850479,0.105415910857735,0.0281765569663989,0.00732486827330051,0.00468169646713311,"DBS GROUP HOLDINGS LTD",2017
0.00260595386069905,0.00603256722449117,0.00521670689977876,0.00521670689977876,0.0109277291727656,0.00513512086730752,0.0282239680566687,0.00179009353598664,0.00578780912707744,0.0147622726989139,0.245324400462641,0.473765291382115,0.00399291641271014,0.159332722237953,0.00799063200380095,0.020881225134257,0.00301388402305525,"DBS GROUP HOLDINGS LTD",2018
0.00732141355827705,0.00607081803660006,0.00624947453969677,0.0111327522910069,0.00910797858924418,0.00613037020429897,0.0269736288989154,0.00452246167642855,0.00446290950872965,0.0284624330913881,0.23921755457781,0.463907883305776,0.00345052265784827,0.15769063699801,0.00279544881316033,0.0206015469551327,0.00190216629767676,"DBS GROUP HOLDINGS LTD",2019
0.000760520028025462,0.00824295920139409,0.00259295411129941,0.0135875586109431,0.00773394973381799,0.0103807989652137,0.00646142606487775,0.00157493517614722,0.00457809103484619,0.0232078375481313,0.235719290261152,0.522444323346767,0.00717403931948428,0.133510189171872,0.00269475600481463,0.0159290021617931,0.00340736925942117,"DBS GROUP HOLDINGS LTD",2020
0.0134732208221622,0.00737415216642991,0.00123387358734807,0.0085280300202171,0.0096819078740043,0.0131847513587154,0.0112066750379374,0.00156355297414441,0.0105473162643447,0.0163991253799797,0.231350085571194,0.519448659707846,0.00898133917706207,0.120083292527429,0.00481913691875827,0.0179238925439128,0.00420098806851513,"DBS GROUP HOLDINGS LTD",2021
0.014154701250579,0.00439092172301992,0.00911533117183881,0.0339972209356183,0.00628068550254748,0.0339972209356183,0.0270680870773506,0.0601389532190829,0.0607688744789254,0.0106901343214451,0.0261232051875868,0.00659564613246874,0.00439092172301992,0.329115331171839,0.360611394163965,0.00880037054191755,0.0037610004631774,"FRASERS LOGISTICS & COMMERCIAL TRUST",2017
0.00548354935194417,0.00777397537118375,0.0542696235617472,0.0135000404192827,0.0137290830212066,0.0240360001077848,0.0341138745924389,0.0531244105521274,0.0102934439923473,0.00594163455579208,0.0144162108269785,0.00777397537118375,0.00869014577887958,0.344695642801326,0.390962248389965,0.00983535878849937,0.00136078251731293,"FRASERS LOGISTICS & COMMERCIAL TRUST",2018
0.00986040506737674,0.00437343661744533,0.0436052610344549,0.0241265230371984,0.0265956588396676,0.0197369482772533,0.0202856451222464,0.0276930525296538,0.014798676672315,0.00492213346243847,0.0213830388122327,0.022480432502219,0.0115064956023562,0.322891955135964,0.411780844024853,0.00382473977245219,0.0101347534898733,"FRASERS LOGISTICS & COMMERCIAL TRUST",2019
0.00186275732085628,0.00323415739565992,0.0124599397170662,0.00273546645936769,0.00410686653417133,0.00684966668377861,0.0335296317754131,0.0159507762711119,0.0996061808341339,0.00772237582229002,0.00373284833195215,0.137880710194563,0.00298481192751381,0.315165338046452,0.344089412351401,0.00547826660897497,0.00261079372529463,"FRASERS LOGISTICS & COMMERCIAL TRUST",2020
0.0021121027890024,0.00772237582229002,0.0238051585177145,0.00460555747046356,0.00684966668377861,0.0128339579192854,0.0341529954457784,0.0109638669081895,0.0948686169393577,0.00672499394970555,0.00161341185271017,0.13164707349091,0.00111472091641793,0.312297865162771,0.343341375946963,0.0036081755978791,0.00173808458678322,"FRASERS LOGISTICS & COMMERCIAL TRUST",2021
0.577985168426345,0.00138260432378079,0.0116390145801911,0.0349296128707893,0.00661764705882353,0.000634741075917547,0.00480140774258421,0.00052790346907994,0.0129210658622423,0.0261689291101056,0.00084841628959276,0.00704499748617396,0.0061902966314731,0.291019356460533,0.00522875816993464,0.00480140774258421,0.00725867269984917,"GENTING SINGAPORE LIMITED",2015
0.602584477899921,0.00500139632892432,0.0179491736271548,0.0296884917108837,0.00223920383863515,0.00387925562974434,0.00655512960471197,0.00914468506435807,0.0106984183401457,0.0176902180811902,0.0025844778999213,0.00707304069664119,0.00767727030389195,0.265338038538678,0.00500139632892432,0.00301607047652898,0.00387925562974434,"GENTING SINGAPORE LIMITED",2016
0.610743857157934,0.00766116265459046,0.00570389630326115,0.0123912230036363,0.00276799677626719,0.00880290135953256,0.0111679315340555,0.00684563500820325,0.00203402189451869,0.010433956652307,0.00268644401162846,0.0145931476488818,0.00880290135953256,0.276132863845261,0.00611166012645476,0.00806892647778407,0.00505147418615138,"GENTING SINGAPORE LIMITED",2017
0.589783138811798,0.00710379249105237,0.0231687911061387,0.0198449982892243,0.00424163756537607,0.00922732679074769,0.00987361983848105,0.011350861090443,0.00294905146990936,0.00664215459981426,0.00387232725238558,0.0163365503158146,0.0176291364112813,0.270422045653272,0.00267206873516649,0.00322603420465222,0.00165646537444264,"GENTING SINGAPORE LIMITED",2018
0.552226659218031,0.0130075245011828,0.0135937596987441,0.020511335029967,0.00679343140703344,0.0116005600270358,0.0150007241728911,0.0125385363431338,0.0155869593704524,0.00655893732800894,0.00608994916995993,0.0120695481850848,0.0106625837109378,0.283496444655949,0.00784865476264371,0.00433124357727614,0.00808314884166822,"GENTING SINGAPORE LIMITED",2019
0.546852343118322,0.00385563744979987,0.0102171051312721,0.0164649751755752,0.00431002799847645,0.0110122885914561,0.00181087998075522,0.0122618626003167,0.00362844217546157,0.0105578980427795,0.00555960200733707,0.0798524567159591,0.00874033584807318,0.261495078549425,0.00624118783035195,0.00237886816660096,0.014761010618038,"GENTING SINGAPORE LIMITED",2020
0.434499069088713,0.00404569013234036,0.00216373974739596,0.0111172612757678,0.00165048055150204,0.0214965027927339,0.0149952196447441,0.0258306915580604,0.0489843841728308,0.014767104446569,0.00832285009812308,0.139203945051074,0.00387460373370905,0.261587748872004,0.00301917174055251,0.00130830775423942,0.00313322933964005,"GENTING SINGAPORE LIMITED",2021
0.0358557330216855,0.00660628489806519,0.00605440851837424,0.0259219581872484,0.0135047396442021,0.00715816127775614,0.0179197506817296,0.596838072977535,0.0107453577457473,0.00384690299961044,0.00108752110115569,0.0115731723152837,0.0146084924035839,0.216871185560317,0.0190235034411115,0.00219127386053759,0.0101934813660564,"HONGKONG LAND HOLDINGS LIMITED",2015
0.0480172594841247,0.0061477366019436,0.00127918742959696,0.09345705175936,0.00322660709853562,0.0126391354984058,0.00582316665712049,0.597838746014472,0.00225289726406629,0.00420031693300494,0.00744601638123604,0.00387574698818184,0.0210779540638066,0.147335662599996,0.0165339748362831,0.00809515627088226,0.0207533841189835,"HONGKONG LAND HOLDINGS LIMITED",2016
0.0888716890264878,0.00933952528379773,0.00670794633642931,0.0514447884416925,0.00407636738906089,0.0385792913656691,0.00290677674578603,0.531269349845201,0.00553835569315445,0.0184038527691778,0.0128482972136223,0.00407636738906089,0.0166494668042656,0.186240110079119,0.0169418644650843,0.00202958376332989,0.00407636738906089,"HONGKONG LAND HOLDINGS LIMITED",2017
0.010015604020757,0.00878179772834489,0.0240501505969445,0.00801066879558733,0.0077022172224843,0.0120205392459266,0.00662263671662373,0.510940958740066,0.0146423776173023,0.016955764415575,0.00307544362593896,0.016647312842472,0.00816489458213884,0.316308016112059,0.0271346663279747,0.00662263671662373,0.00230431469318141,"HONGKONG LAND HOLDINGS LIMITED",2018
0.00598655578938765,0.00416300594569193,0.0221379972621212,0.00876529840835257,0.0162331691968208,0.00841795558098196,0.0138017694052265,0.528737510982163,0.00529187013464642,0.00859162699466726,0.00520503442780377,0.00876529840835257,0.00494452730727581,0.348379747869971,0.00728909139202746,0.000776413378828433,0.00251312751568151,"HONGKONG LAND HOLDINGS LIMITED",2019
0.00180397611061114,0.00597643786304508,0.0166162153317516,0.00827129182688374,0.00583735580463061,0.0104270637323079,0.0220404156099157,0.476421500449971,0.0103575227031007,0.0171725435654095,0.00980119446944285,0.106741389184325,0.00340341978237748,0.293876298780987,0.00799312771005481,0.00152581199378221,0.00173443508140391,"HONGKONG LAND HOLDINGS LIMITED",2020
0.00292299450099515,0.00693413130435507,0.0154754932032744,0.0190147315591802,0.00429149999861206,0.0177877955957995,0.0123609634500773,0.5560823546067,0.0191091112486711,0.0250550316865928,0.00405555077488501,0.0948960019098008,0.00112978040066954,0.211124589517748,0.0070757008385913,0.00108259055592413,0.00160167884812365,"HONGKONG LAND HOLDINGS LIMITED",2021
0.0509081819696717,0.0367438760206632,0.00841526412264623,0.16422262956174,0.389435094150975,0.0169138476920513,0.0211631394767539,0.0381603066155641,0.00416597233794368,0.00699883352774538,0.134477587068822,0.0126645559073488,0.0310781536410598,0.0452424595900683,0.0239960006665556,0.00841526412264623,0.00699883352774538,"JARDINE CYCLE & CARRIAGE LTD",2015
0.035901684617509,0.0421614655251772,0.00460278007916782,0.0656356439289331,0.522599650188714,0.0139924514406702,0.0296419037098407,0.0718954248366013,0.0186872871214213,0.00929761575991899,0.0703304796096842,0.0139924514406702,0.0139924514406702,0.0484212464328454,0.00929761575991899,0.00929761575991899,0.0202522323483384,"JARDINE CYCLE & CARRIAGE LTD",2016
0.00267379679144385,0.00551470588235294,0.00788213012477718,0.00204248366013072,0.683229352346999,0.00330510992275698,0.0086712715389186,0.00267379679144385,0.00172682709447415,0.0448139483065954,0.00598819073083779,0.00598819073083779,0.00709298871063577,0.206430109922757,0.00330510992275698,0.00598819073083779,0.00267379679144385,"JARDINE CYCLE & CARRIAGE LTD",2017
0.00166561248155176,0.00704195656757327,0.016719375922412,0.00477194462014196,0.658176962541289,0.00381615011596036,0.00357720148991496,0.00250193267271066,0.00130718954248366,0.0612832946798791,0.00763932813268677,0.00441352168107386,0.0244852062688875,0.187089746292782,0.00286035561177876,0.00608616206339166,0.00656405931548247,"JARDINE CYCLE & CARRIAGE LTD",2018
0.00842901355191026,0.00214422274566138,0.00501726997137515,0.00609466268101782,0.684852069755897,0.0025033536488756,0.0041194427133396,0.0025033536488756,0.00340118090691116,0.0202803333579796,0.00519683542298227,0.00340118090691116,0.00214422274566138,0.225164513641693,0.00447857361655382,0.0184846788419085,0.00178509184244716,"JARDINE CYCLE & CARRIAGE LTD",2019
0.00586367880485528,0.00507002801120448,0.00411764705882353,0.00332399626517274,0.601260504201681,0.00300653594771242,0.00951447245564893,0.00221288515406162,0.00141923436041083,0.0118954248366013,0.0072922502334267,0.0707843137254902,0.00237161531279178,0.256657329598506,0.0120541549953315,0.00221288515406162,0.000943043884220355,"JARDINE CYCLE & CARRIAGE LTD",2020
0.00475984675045554,0.00386628042797739,0.00227771807690511,0.00813554174648414,0.466832920618605,0.00307199925244125,0.0258082979021632,0.00406485072186142,0.0230283137877868,0.0496367331682474,0.00197986263607905,0.0972936037004158,0.000490585431948792,0.296161753025277,0.0056534130729337,0.00605055366070177,0.000887726019716862,"JARDINE CYCLE & CARRIAGE LTD",2021
0.0188995750391411,0.0246029970923731,0.0112950123014985,0.207112502795795,0.30977409975397,0.0227018564079624,0.0645269514649966,0.0455155446208902,0.0131961529859092,0.0188995750391411,0.0968463430999776,0.0093938716170879,0.0987474837843883,0.0112950123014985,0.0169984343547305,0.0150972936703198,0.0150972936703198,"JARDINE MATHESON HLDGS LTD",2015
0.013827044762128,0.0456995547222873,0.00785094914459808,0.226974455120694,0.360440590578861,0.0317553316147176,0.0417154909772674,0.0556597140848371,0.00785094914459808,0.00984298101710804,0.0676119053198969,0.011835012889618,0.0417154909772674,0.0178111085071479,0.011835012889618,0.0237872041246778,0.0237872041246778,"JARDINE MATHESON HLDGS LTD",2016
0.01839748244977,0.0513192931493585,0.0101670297748729,0.189179375453885,0.386710239651416,0.0163398692810458,0.0307431614621157,0.0307431614621157,0.0101670297748729,0.0225127087872186,0.0677801984991527,0.0369160009682886,0.0657225853304285,0.0122246429435972,0.00810941660614863,0.0286855482933914,0.0142822561123215,"JARDINE MATHESON HLDGS LTD",2017
0.029546065001343,0.0546602202524846,0.027262959978512,0.171098576416868,0.246441042170293,0.0569433252753156,0.0455278001611604,0.159683051302713,0.0409615901154983,0.00899811979586355,0.0181305398871878,0.0226967499328499,0.0249798549556809,0.0181305398871878,0.0318291700241741,0.0249798549556809,0.0181305398871878,"JARDINE MATHESON HLDGS LTD",2018
0.0355794243517664,0.0498447595871444,0.0141814214986993,0.12402450281111,0.232441050599983,0.0184610220693127,0.106906100528657,0.118318368716959,0.0198875555928506,0.00704875388101032,0.131157170428799,0.031299823781153,0.0127548879751615,0.031299823781153,0.0198875555928506,0.0327263573046908,0.0141814214986993,"JARDINE MATHESON HLDGS LTD",2019
0.0117186682570574,0.0448029798899282,0.00389227195680834,0.10954862201017,0.215204972063532,0.0604557724904263,0.0408897817398037,0.0416012723125536,0.0120744135434323,0.0181220834118066,0.138363990206542,0.165044886684663,0.0127859041161822,0.0935400841232971,0.00567099838868311,0.0184778286981815,0.00780547010693285,"JARDINE MATHESON HLDGS LTD",2020
0.0108246688505911,0.0907278165503489,0.00477140008545791,0.0217205526278308,0.238427574419598,0.0253525138869107,0.0192992451217775,0.0132459763566444,0.0108246688505911,0.216635806865119,0.05077624270047,0.15852442671984,0.0132459763566444,0.0967810853154821,0.0108246688505911,0.0108246688505911,0.00719270759151118,"JARDINE MATHESON HLDGS LTD",2021
0.010448953688016,0.517721856105895,0.0047173286037274,0.00929299568782334,0.00365770043688413,0.00563246202054659,0.00259807227004086,0.0182998351059912,0.0102562940213172,0.0739784787819376,0.0071737393541368,0.00259807227004086,0.00433200927032984,0.311383353071505,0.0100154694379438,0.00515081285379964,0.00274256702006494,"KEPPEL CORPORATION LIMITED",2015
0.00828801881399236,0.556627570193477,0.00414265471284548,0.0106831180724328,0.00340570109486381,0.00137907864541422,0.00266874747688214,0.011235833285919,0.0075510651960107,0.0674746062581451,0.00962374724658414,0.00137907864541422,0.00552444274656111,0.295377512618976,0.0116043100949099,0.00216209186451975,0.000872423033051828,"KEPPEL CORPORATION LIMITED",2016
0.00161293952602084,0.575986956445631,0.00671432965483094,0.00314335656466387,0.00276075230500311,0.00305833339585037,0.00730949183652545,0.00930753630364274,0.00220810170771535,0.0579833004493725,0.0072669802521187,0.00832976986228747,0.00114531209754658,0.305230675359035,0.00531144736940816,0.000762707837885824,0.00186800903246135,"KEPPEL CORPORATION LIMITED",2017
0.00231477313937249,0.526253385355716,0.00314551949939173,0.00240222012463767,0.000609556926701423,0.00935425545321972,0.00213987916884212,0.00935425545321972,0.00270828457306581,0.0535587065047697,0.00353903093308505,0.0295982325421096,0.00318924299202432,0.341084394056691,0.00795510368897679,0.000959344867762154,0.00183381472041398,"KEPPEL CORPORATION LIMITED",2018
0.00373525380915272,0.498066413741044,0.00136804586862362,0.00182487547118187,0.00311230435111874,0.000703566446720721,0.00971556860627884,0.00132651590475469,0.00988168846175457,0.0529067310299675,0.00278006464016729,0.0674006884202246,0.00215711518213332,0.336805564037983,0.00531339243617211,0.000495916627376064,0.00240629496534691,"KEPPEL CORPORATION LIMITED",2019
0.00300821303291959,0.480538316243929,0.000786309363194819,0.000463774959525094,0.000822146519158122,0.00659192862924987,0.00519427954668106,0.00264984147328656,0.0203533965191581,0.0407805754182407,0.00114468092282785,0.119944852941176,0.0018972611980572,0.306047203858608,0.00881383229897464,0.000320426335671883,0.000642960739341608,"KEPPEL CORPORATION LIMITED",2020
0.00418563878534972,0.438695152917993,0.000152139185620674,0.00369299761286373,0.000921891017630034,0.00169164284963939,0.0114213060062377,0.00418563878534972,0.0178256412485556,0.049108355701416,0.00206112372900389,0.158659436432988,0.00221507409540576,0.299708762130383,0.00239981453508801,0.00261534504805063,0.000460039918424418,"KEPPEL CORPORATION LIMITED",2021
0.0140994542146756,0.216419041843542,0.0128107944208611,0.01538811400849,0.0604912067919951,0.024408732565191,0.0115221346270467,0.0140994542146756,0.0076561552456034,0.0205427531837477,0.0849757428744694,0.0115221346270467,0.0218314129775622,0.226728320194057,0.235748938750758,0.0128107944208611,0.00894481503941783,"KEPPEL DC REIT",2015
0.013652590615251,0.117807866722413,0.0385295725726048,0.0024442800630367,0.0169330717524845,0.00299102691924227,0.0163863248962789,0.00408452063165343,0.00435789405975621,0.00107741292252275,0.013652590615251,0.00927861576560641,0.00545138777216737,0.534975718007269,0.215675553983212,0.00189753320683112,0.000804039494419966,"KEPPEL DC REIT",2016
0.0105858597856104,0.112806960239926,0.00427591531312172,0.000994744187427621,0.0209341687204917,0.0080618819966149,0.00907147311221308,0.00478071087092081,0.000742346408528076,0.00881907533331354,0.00705229088101672,0.00478071087092081,0.00755708643881581,0.489889241915848,0.299328918846691,0.00326632419752353,0.00705229088101672,"KEPPEL DC REIT",2017
0.00916346438072716,0.101800562916886,0.0154994923466437,0.0043568224755491,0.0133146551170173,0.012877687671092,0.00916346438072716,0.00523075736739966,0.00894498065776453,0.0281715482784768,0.0100373992725777,0.00610469225925022,0.00217198524592271,0.442416687015641,0.324216992892853,0.00107956663110951,0.0054492410903623,"KEPPEL DC REIT",2018
0.00641001423048346,0.0815545229010037,0.0119762741320035,0.00726636190764038,0.00769453574621885,0.00405505811830191,0.00855088342337577,0.00790862266550808,0.00341279736043422,0.00469731887616961,0.00448323195688038,0.0211820116614404,0.0102635787776896,0.50887201380231,0.308914831186167,0.00105784124825267,0.00170010200612037,"KEPPEL DC REIT",2019
0.00374614588878064,0.130090690877683,0.0097219013950125,0.00664865570609326,0.0034046741455674,0.00442908937520714,0.0218441482790828,0.00477056111842039,0.00767307093573301,0.0121122035975052,0.00869748616537276,0.0650403237955589,0.00118510781468128,0.461830489409354,0.256264499994978,0.000843636071468027,0.00169731542950115,"KEPPEL DC REIT",2020
0.00412250599775274,0.0970497130189195,0.00412250599775274,0.00425157156305992,0.00321904704060251,0.00244465364875945,0.0163837347019345,0.0122536366121048,0.00670381730389626,0.00296091590998816,0.00438063712836709,0.161711561237815,0.00360624373652404,0.449011509611589,0.224566491542409,0.000766801299766164,0.00244465364875945,"KEPPEL DC REIT",2021
0.085281045751634,0.00794771241830065,0.021281045751634,0.130614379084967,0.0550588235294118,0.0337254901960784,0.0283921568627451,0.119058823529412,0.00616993464052288,0.00616993464052288,0.0497254901960784,0.0123921568627451,0.021281045751634,0.0186143790849673,0.370614379084967,0.00616993464052288,0.0275032679738562,"MAPLETREE COMMERCIAL TRUST",2015
0.0482618168040163,0.0160556976413754,0.00317324997631903,0.153736857061665,0.0458463578668182,0.0168608506204414,0.0514824287202804,0.123946196836222,0.0208866155157715,0.0112247797669793,0.03940513403429,0.00639386189258312,0.0329639102017619,0.0474566638249503,0.355025101828171,0.00800416785071517,0.0192763095576395,"MAPLETREE COMMERCIAL TRUST",2016
0.035132957292506,0.00545259199570239,0.0164114961052914,0.0278270212194467,0.0260005372011818,0.00636583400483481,0.0123019070641955,0.0205210851463873,0.0059092130002686,0.032849852269675,0.0141283910824604,0.00316948697287134,0.00362610797743755,0.225543916196616,0.557964007520817,0.00271286596830513,0.00408272898200376,"MAPLETREE COMMERCIAL TRUST",2017
0.0166641720301352,0.0025278983518768,0.0194914267657869,0.0282559164463071,0.0336277004440453,0.00450697666683298,0.0107269370852667,0.0296695438141329,0.0087478587703105,0.00365880024613747,0.00309334929900713,0.0101614861381363,0.0107269370852667,0.235776414043141,0.573350629479951,0.00167972193118129,0.00733423140248466,"MAPLETREE COMMERCIAL TRUST",2018
0.00817345464683073,0.00127987429353473,0.00278784499581823,0.0320855614973262,0.0381174443064602,0.00300326938185873,0.0111893960513977,0.0340243809716907,0.00451124008414223,0.00214157183769673,0.0122665179816002,0.00881972780495223,0.00795803026079023,0.245571128063462,0.582494867830803,0.00300326938185873,0.00257242060977773,"MAPLETREE COMMERCIAL TRUST",2019
0.0114480131812638,0.00380887167526159,0.00580959921254788,0.00271756574583271,0.0170864271499797,0.00380887167526159,0.00726467378511972,0.0465516872445595,0.00417264031840455,0.00344510303211863,0.00999293860869193,0.0225429567971241,0.00435452463997603,0.270269402777481,0.583292320201999,0.00217191278111827,0.00126249117326086,"MAPLETREE COMMERCIAL TRUST",2020
0.00729485414675633,0.00207798128940054,0.00938160328969865,0.00341946288129203,0.0117664594530613,0.0026741953302412,0.00580431904465468,0.0347207000254268,0.00535715851402418,0.00401567692213269,0.00416473043234286,0.0979193883545369,0.00371756990171236,0.280211831341569,0.52451053457603,0.00222703479961071,0.000736499697509053,"MAPLETREE COMMERCIAL TRUST",2021
0.00191748623739717,0.00331951918517144,0.00209274035586895,0.00507206036988928,0.00735036391002247,0.00226799447434074,0.00244324859281252,0.0112059545164017,0.0048968062514175,0.594451660790499,0.0092781592132121,0.0048968062514175,0.00367002742211501,0.0711428630337519,0.273561369868663,0.00104121564503825,0.00139172388198181,"MAPLETREE INDUSTRIAL TRUST",2015
0.0017281007916915,0.00809568400442666,0.000859793989954882,0.0105558866093471,0.015186856218609,0.00317527879458585,0.000570358389376011,0.00578019919979569,0.00476717459776964,0.625606537839448,0.00549076359921682,0.00447773899719077,0.00360943219545416,0.0374733974631821,0.269890184728016,0.00158338299140206,0.00114922959053375,"MAPLETREE INDUSTRIAL TRUST",2016
0.00396360688226286,0.00335104945500405,0.00365732816863346,0.00457616430952166,0.00396360688226286,0.00610755787766868,0.00396360688226286,0.0079452301594451,0.00426988559589226,0.0214214935591388,0.00488244302315107,0.0085577875867039,0.00549500045040987,0.182830375641834,0.728925322043059,0.00304477074137465,0.00304477074137465,"MAPLETREE INDUSTRIAL TRUST",2017
0.00364507842658898,0.00218130677496663,0.00364507842658898,0.00218130677496663,0.00803639338145602,0.00779243143951896,0.0124277083363231,0.0102320508588895,0.0058407359040225,0.016575061349253,0.00730450755564485,0.00974412697501543,0.00510885007821133,0.174662399724467,0.720893187721539,0.0041330023104631,0.00559677396208544,"MAPLETREE INDUSTRIAL TRUST",2018
0.00252363035697899,0.0011585757547949,0.018514269982564,0.00193860695604295,0.00505873176103515,0.00330366155822704,0.00681380196384326,0.00135358355510691,0.0042787005597871,0.00369367715885106,0.00213361475635496,0.0111039735707075,0.0042787005597871,0.20513673488116,0.725027530512985,0.00154859135541892,0.00213361475635496,"MAPLETREE INDUSTRIAL TRUST",2019
0.00255936896870018,0.00541243601577578,0.0168247042040782,0.00370059578753042,0.00198875555928505,0.00255936896870018,0.00427120919694554,0.00141814214986993,0.0105479567005119,0.0158261307376017,0.00184610220693127,0.0290928925065033,0.00198875555928505,0.204699169254007,0.693429554418058,0.00213140891163884,0.00170344885457749,"MAPLETREE INDUSTRIAL TRUST",2020
0.00421709197183375,0.00366135116934403,0.015554204342624,0.00555086989780907,0.00355020300884609,0.000771498996397492,0.0015495361198831,0.00143838795938515,0.00855187023125355,0.0151096117006322,0.00288331404585842,0.10224976953102,0.00532857357681319,0.217732708288384,0.60386141785824,0.00566201805830702,0.0023275732433687,"MAPLETREE INDUSTRIAL TRUST",2021
0.0371517027863777,0.0422864909763649,0.0153288529789323,0.0512723703088424,0.0191799441214226,0.0307332175488938,0.0166125500264291,0.0987691610662237,0.0191799441214226,0.0281658234539002,0.0564071584988296,0.0101940647889451,0.0204636411689194,0.0743789171637846,0.456920637317828,0.0114777618364419,0.0114777618364419,"MAPLETREE LOGISTICS TRUST",2015
0.0227658371040724,0.0227658371040724,0.0119485294117647,0.129736990950226,0.0708427601809955,0.00593891402714932,0.0468042986425339,0.0504100678733032,0.0131504524886878,0.0179581447963801,0.094881221719457,0.0131504524886878,0.0371889140271493,0.0552177601809955,0.385746606334842,0.0131504524886878,0.00834276018099547,"MAPLETREE LOGISTICS TRUST",2016
0.0135726094608288,0.0153858460882086,0.0072262812649992,0.0058663537944643,0.0190123193429684,0.00405311716708442,0.0335182123620074,0.0149325369313637,0.0212788651271932,0.0285318116367127,0.00631966295130926,0.00223988053970455,0.010399445362914,0.21438856594315,0.591995093595008,0.00949282704922404,0.00178657138285958,"MAPLETREE LOGISTICS TRUST",2017
0.00219248384058206,0.0201383700912723,0.00964692889856108,0.00578166109072011,0.00992301945626401,0.00605775164842304,0.00522947997531426,0.00826647611004645,0.0201383700912723,0.0154448306103225,0.0182057361873518,0.00771429499464059,0.00136421216747328,0.253710981907948,0.595511092344171,0.0129600155909962,0.00771429499464059,"MAPLETREE LOGISTICS TRUST",2018
0.00267118566176471,0.00169462316176471,0.0207375919117647,0.0119485294117647,0.00608915441176471,0.00584501378676471,0.00633329503676471,0.00218290441176471,0.00340360753676471,0.00389188878676471,0.00755399816176471,0.0209817325367647,0.00364774816176471,0.297104779411765,0.599839154411765,0.00364774816176471,0.00242704503676471,"MAPLETREE LOGISTICS TRUST",2019
0.00642291905702559,0.00199903005642233,0.00722726251168072,0.0110478939212926,0.0118522373759478,0.00340663110206882,0.0114500656486202,0.0120533232396115,0.00421097455672396,0.00340663110206882,0.00581966146603423,0.0426183745165068,0.00581966146603423,0.244508581634946,0.621745661868206,0.00300445937474125,0.00340663110206882,"MAPLETREE LOGISTICS TRUST",2020
0.00309021795608062,0.00618955159934732,0.00138558445228394,0.0043299514133873,0.0108385520642474,0.0043299514133873,0.00154055113444727,0.00200545118093727,0.0139378857075141,0.00990875197126735,0.00882398519612401,0.131557597469485,0.00231538454526394,0.259250143572073,0.532766337590359,0.00355511800257062,0.00417498473122396,"MAPLETREE LOGISTICS TRUST",2021
0.0383016364440513,0.0646174259177355,0.00672268907563025,0.17063246351172,0.0480760725342769,0.024015922158337,0.0631136665192393,0.0330384785493145,0.00371517027863777,0.00446704997788589,0.351835471030517,0.00597080937638213,0.120256523662096,0.00672268907563025,0.00973020787262273,0.0119858469703671,0.0367978770455551,"OVERSEA-CHINESE BANKING CORP",2015
0.0714388111052707,0.0584412481483251,0.00970038705977923,0.149424188846944,0.0884981124862618,0.016199168538252,0.0462560328761887,0.0884981124862618,0.0113250824293974,0.0153868208534429,0.278587470731591,0.016199168538252,0.10799445692168,0.00320160558130645,0.00563864863573374,0.0145744731686338,0.0186362115926793,"OVERSEA-CHINESE BANKING CORP",2016
0.0217660834825734,0.0145061303209809,0.00560683289709326,0.00209395233503237,0.0215318914451026,0.00537264085962254,0.0353492216558755,0.00467006474721036,0.0119300179088029,0.0580658492905359,0.447058823529412,0.0248105799696928,0.00209395233503237,0.292960462873674,0.0442485190797631,0.00349910455985673,0.00443587270973963,"OVERSEA-CHINESE BANKING CORP",2017
0.0160938089265824,0.00670063761302941,0.00371867846586972,0.00520965803944956,0.0129627518220647,0.00192950297757391,0.048000771801191,0.00565695191152352,0.00327138459379577,0.0313018005770968,0.481130337926135,0.101676036450065,0.010278988589621,0.238249765389979,0.0247414904533455,0.00506056008209158,0.00401687438058569,"OVERSEA-CHINESE BANKING CORP",2018
0.00405839145731745,0.0115347818035924,0.00746867477316215,0.00537003888648849,0.0091738164310845,0.00759983951607925,0.0368495771865934,0.0176995247206963,0.013633417690266,0.0441948027899512,0.497893648540214,0.135878958089007,0.0091738164310845,0.183360595024998,0.0115347818035924,0.00379606197148324,0.000779272884389852,"OVERSEA-CHINESE BANKING CORP",2019
0.000660057379245443,0.0011044524464602,0.00243763764810446,0.00599279818582249,0.0097701562571479,0.00721488462066306,0.00265983518171184,0.00910356365632577,0.00288203271531921,0.0148806995301176,0.480495631204376,0.229523516994844,0.0148806995301176,0.193971911617663,0.0178803662338172,0.00332642778253397,0.00321532901573028,"OVERSEA-CHINESE BANKING CORP",2020
0.00236060939808219,0.00485278142185368,0.00165768908368511,0.00165768908368511,0.00798397191325888,0.00977322362263328,0.0123931993399315,0.00491668326861705,0.0303496182804389,0.0122014937996414,0.487120018945018,0.219818593933835,0.00670593497799145,0.181094074795232,0.0102844383967403,0.00402205741392985,0.00280792232542579,"OVERSEA-CHINESE BANKING CORP",2021
0.0224880912817104,0.0959344189653262,0.0111886562534618,0.103467375650825,0.0789852664229534,0.175030464163066,0.0940511797939515,0.0526199180237067,0.0187216129389609,0.0187216129389609,0.0432037221668328,0.0281378087958347,0.116650049850449,0.0206048521103357,0.0281378087958347,0.0149551345962114,0.0771020272515786,"SATS LTD.",2015
0.0242467718794835,0.0827833572453372,0.0169296987087518,0.0901004304160689,0.0486370157819225,0.143758967001435,0.0559540889526542,0.141319942611191,0.0169296987087518,0.0144906743185079,0.0242467718794835,0.0144906743185079,0.102295552367288,0.0388809182209469,0.012051649928264,0.0315638450502152,0.141319942611191,"SATS LTD.",2016
0.00421532544604765,0.0144989366172968,0.00129261490263999,0.00573080498707385,0.00638029621894222,0.68444914228952,0.000859620748061078,0.00410707690740293,0.00508131375520548,0.0208856003973358,0.00280809444366619,0.00497306521656075,0.00443182252333711,0.218222686346675,0.00757103014403423,0.00583905352571858,0.00865351553048152,"SATS LTD.",2017
0.00653963617049529,0.0214380560350551,0.00202496348426504,0.00202496348426504,0.0031536316558226,0.668277785154694,0.00405656619306865,0.00383083255875714,0.00462090027884743,0.0147789138228655,0.00258929757004382,0.00936130659938919,0.0147789138228655,0.22956446687027,0.000670561678395963,0.00405656619306865,0.00823263842783163,"SATS LTD.",2018
0.00418669073051982,0.0148003189859604,0.0017785565885291,0.00543535287821871,0.00249207781578561,0.625663679670941,0.014175987912111,0.00204612704875029,0.00204612704875029,0.0255031373948081,0.00302721873622799,0.0316572579798955,0.0117678537701202,0.213872741390527,0.00382993011689157,0.00561373318503284,0.0321032087469308,"SATS LTD.",2019
0.00310698395959614,0.0121446904563737,0.00221802922220818,0.025997568447336,0.00244026790655517,0.559370410880109,0.0108112583502917,0.00636648466335197,0.00206987009931019,0.00206987009931019,0.00399593869698409,0.0985955386673523,0.0171080210734564,0.229790441993525,0.00266250659090216,0.00103275623902424,0.0202193626543143,"SATS LTD.",2020
0.00109718977843845,0.00300252471626436,0.0122283570467898,0.0240614898185508,0.013933130412213,0.554346287251363,0.025766263183974,0.00310280550246573,0.00841768717113801,0.00139803213704254,0.004005332578278,0.141289728887945,0.00420589415068073,0.170972841603549,0.00671291380571482,0.000996908992237087,0.0244626129633562,"SATS LTD.",2021
0.00218822421450137,0.105468713933541,0.00485656513429418,0.0269880986455169,0.0101932469738798,0.00642617744005466,0.0103502082044559,0.00752490605408699,0.0114489368184882,0.289427276168669,0.00626921620947861,0.0202387657307469,0.00736794482351095,0.45737579288504,0.0101932469738798,0.0163147349663457,0.00736794482351095,"SEMBCORP INDUSTRIES LTD",2015
0.00308958873933578,0.0153872720144865,0.00182015046577184,0.00237552971045606,0.0027722291709448,0.00253420949465156,0.00182015046577184,0.00316892863143353,0.00237552971045606,0.686920118729815,0.00189949035786958,0.00451770679709523,0.000550712192207889,0.264355853417216,0.00237552971045606,0.00324826852353128,0.000788731868501129,"SEMBCORP INDUSTRIES LTD",2016
0.00282356109267458,0.00531447263165398,0.00154444435644192,0.00289088302616051,0.00215034175781528,0.00228498562478714,0.00154444435644192,0.00093854695506855,0.00935378864080976,0.658943124846545,0.00390071202844946,0.0216737024687349,0.00215034175781528,0.278304912917099,0.002419629491759,0.002419629491759,0.00134247855598413,"SEMBCORP INDUSTRIES LTD",2017
0.00229709923546041,0.00256006682470503,0.00163968026234884,0.00111374508385959,0.00288877631126081,0.00229709923546041,0.00367767907899469,0.00144245457041537,0.00611012927950748,0.669380131251764,0.00183690595428231,0.0392440455243303,0.00459806564135088,0.255074694396857,0.000456326110748027,0.00374342097630585,0.00163968026234884,"SEMBCORP INDUSTRIES LTD",2018
0.0120956047143196,0.0169140717694518,0.00940622775331558,0.00469981807155852,0.00178632636380415,0.0120956047143196,0.0219566535713344,0.00895799825981491,0.00324307221768134,0.394659477417143,0.00357924433780684,0.119446568407731,0.00189838373717932,0.367205420940227,0.00716508028581222,0.0110870883539431,0.00380335908455718,"SEMBCORP INDUSTRIES LTD",2019
0.00273798359365736,0.0131832832088305,0.0113507745044142,0.00365423794586554,0.0108010218930893,0.00512024490939861,0.00988476754088111,0.002921234464099,0.00493699403895698,0.381884034537399,0.00200498011189083,0.175177052679236,0.00438724142763208,0.362092940529703,0.00475374316851534,0.00420399055719044,0.000905474889241018,"SEMBCORP INDUSTRIES LTD",2020
0.00197603449786335,0.0206753560269052,0.00545112964927821,0.00313439954833497,0.0173657415969863,0.00346536099132686,0.0158764151035228,0.00164507305487146,0.00809882119321334,0.336743534084162,0.00710593686423767,0.215942607392121,0.00280343810534308,0.345017570158959,0.00760237902872551,0.00412728387731065,0.00296891882683903,"SEMBCORP INDUSTRIES LTD",2021
0.0100211207477643,0.00782478766907833,0.00219071585853593,0.0222441917943648,0.00667887475845953,0.00266817957129376,0.00983013526266121,0.00801577315418146,0.00333662876915472,0.0262548869815306,0.0017132521457781,0.000758324720262436,0.013172381251966,0.321136475980767,0.00438704893722195,0.00314564328405159,0.556621579112929,"SINGAPORE AIRLINES LTD",2015
0.00466915753865188,0.00750698409736985,0.000579348674617163,0.0260363222160578,0.00708965666226427,0.0037510371814196,0.00784084604545432,0.00934322481183442,0.0017478654929128,0.0208614620207485,0.00108014159674386,0.00191479646695503,0.00809124250651767,0.317831664841882,0.00141400354482833,0.00692272568822204,0.57331952061352,"SINGAPORE AIRLINES LTD",2016
0.00121305321674013,0.00811408431197436,0.00113186461561973,0.0202111858789144,0.00746457550301114,0.00567842627836228,0.00421703145819503,0.00454178586267664,0.00356752264923181,0.020535940283396,0.00105067601449933,0.00275563663802779,0.00965666773326201,0.322557536451294,0.00437940866043584,0.00161899622234215,0.581305608222017,"SINGAPORE AIRLINES LTD",2017
0.00551483594923854,0.00374592630514316,0.00190626027528396,0.0149961916415898,0.0113168595818714,0.00431197739125368,0.00197701666104778,0.00289684967597737,0.0025430677471583,0.00650542534993195,0.0062931561926405,0.00134020918917344,0.00268458051868593,0.314649485351347,0.00431197739125368,0.00119869641764581,0.613807484360758,"SINGAPORE AIRLINES LTD",2018
0.00626198583225705,0.00343430785487848,0.001161076539731,0.0136361264399306,0.00720454515804991,0.0110302271274445,0.00520853717401798,0.00659465382959571,0.00160463386951587,0.0157984684226319,0.00454320117934066,0.0120836757856835,0.0023808591966394,0.315587778690984,0.00282441652642428,0.000883853208615449,0.58976165316426,"SINGAPORE AIRLINES LTD",2019
0.00591609819441537,0.00776781557151217,0.00784043193924146,0.00689641915876074,0.00351975805934893,0.0238886492074137,0.00471792812688215,0.0036649907948075,0.000433562430854267,0.027519467593878,0.00682380279103145,0.119742254610071,0.00275728619819143,0.245949501723571,0.00145019157906427,0.00141388339519963,0.529697958625757,"SINGAPORE AIRLINES LTD",2020
0.0099776526913694,0.00559414215229087,0.00621591669684102,0.00901390214731668,0.00487910142605821,0.0363719821075231,0.00487910142605821,0.00979112032800436,0.00428841560873557,0.00282724542904272,0.00320031015577281,0.147141117219132,0.0109103145081946,0.220075271294864,0.0035733748825029,0.00195676106667252,0.519304270859622,"SINGAPORE AIRLINES LTD",2021
0.0254124312614564,0.0126645559073488,0.0140809865022496,0.0239960006665556,0.368188635227462,0.00841526412264623,0.0112481253124479,0.019746708881853,0.0183302782869522,0.0169138476920513,0.0211631394767539,0.0169138476920513,0.0211631394767539,0.379520079986669,0.0225795700716547,0.00983169471754708,0.00983169471754708,"SINGAPORE EXCHANGE LIMITED",2015
0.0217925610355563,0.00275820634660549,0.00229395379321645,0.0106504997542192,0.343519580534164,0.00275820634660549,0.0180785406084439,0.00229395379321645,0.00972199464744115,0.0264350865694467,0.0347916325304495,0.0816811404227429,0.00740073188049593,0.377410016931564,0.0436124310448413,0.00461521656016167,0.0101862472008302,"SINGAPORE EXCHANGE LIMITED",2016
0.00820844611694285,0.0025967738386039,0.00633788869082987,0.00521555423516208,0.447789441253494,0.0160647873066174,0.0104531150282784,0.00596377720560727,0.0175612332475078,0.010827226513501,0.0205541251292885,0.0366409189938602,0.00484144274993948,0.349024009154728,0.0482383750357607,0.00222266235338131,0.00746022314649766,"SINGAPORE EXCHANGE LIMITED",2017
0.00840631196298744,0.00384170522141441,0.00278833443489755,0.00243721083939194,0.491903502974223,0.00594844679444812,0.0136731658955717,0.0150776602775942,0.00735294117647059,0.00875743555849306,0.0291226040978189,0.0589681097157964,0.00524619960343688,0.303701255783212,0.0364961996034369,0.0017349636483807,0.00454395241242564,"SINGAPORE EXCHANGE LIMITED",2018
0.00646391457717609,0.00776051101153589,0.00387072170845648,0.0097054056630756,0.430775097721422,0.00451901992563638,0.00516731814281628,0.00613976546858614,0.00354657259986653,0.0174849842692344,0.0631900085804176,0.0904185337019735,0.00289827438268662,0.324130040995328,0.0191057298121842,0.00192582705691677,0.00289827438268662,"SINGAPORE EXCHANGE LIMITED",2019
0.0144962882794994,0.008277060500282,0.00387177415666966,0.0168284986967059,0.400865814063381,0.00620398457387619,0.0100910019358871,0.0173467676783074,0.0072405225370791,0.0134597503162965,0.0398914683779705,0.163498620489917,0.0072405225370791,0.235538008932518,0.0471472341203908,0.00179869823026386,0.00620398457387619,"SINGAPORE EXCHANGE LIMITED",2020
0.00203997592574994,0.0108714244987171,0.00107067059457062,0.0013937723716304,0.263106211790047,0.0108714244987171,0.00559409547340746,0.00182457474104343,0.0407044885805695,0.0451202128670531,0.0449048116823466,0.352713104627958,0.00268617947986949,0.205809496658114,0.00677880198929329,0.00247077829516298,0.00203997592574994,"SINGAPORE EXCHANGE LIMITED",2021
0.0187759614096208,0.0979331368082541,0.0110880343025593,0.0409855286077985,0.00311536915449551,0.0315891732547233,0.0714524989950422,0.0444023850998258,0.028172316762696,0.053798740452901,0.0233317700656572,0.0301654830497119,0.172534503550851,0.326293045692081,0.0045390593595069,0.0133659386305775,0.0284570548036982,"SINGAPORE TECH ENGINEERING LTD",2015
0.00671815488785442,0.157797291578502,0.0350454930173508,0.0188584426576386,0.00491959373677529,0.00626851460008464,0.0202073635209479,0.0229052052475667,0.00581887431231485,0.0651713922979264,0.00491959373677529,0.0413404570461278,0.0809088023698688,0.491430385103682,0.017959162082099,0.0112145577655523,0.00851671603893356,"SINGAPORE TECH ENGINEERING LTD",2016
0.0184008276677505,0.128534831017834,0.0158882648536802,0.048132820967583,0.0117006601635629,0.0209133904818209,0.0669770420731106,0.0271947975169967,0.0171445462607153,0.0774460537984038,0.00751305547344566,0.0184008276677505,0.0686520839491575,0.434229973396394,0.00960685781850429,0.00751305547344566,0.0217509114198443,"SINGAPORE TECH ENGINEERING LTD",2017
0.0387145273444841,0.0902320992294681,0.00636628453298252,0.00916181168953204,0.00796372862243939,0.0167496711144522,0.113395038526593,0.0283311407630145,0.0271330576959218,0.0782512685585416,0.0235388084946439,0.0455036647246758,0.091829543318925,0.385759255778989,0.021941364405187,0.00556756248825409,0.00956117271189626,"SINGAPORE TECH ENGINEERING LTD",2018
0.0100389730524847,0.131719818631242,0.00617199702773607,0.00771878743763553,0.00642979542938598,0.029116054774578,0.102330800843152,0.0126169570689838,0.0100389730524847,0.146414327525287,0.0430371684636732,0.0311784419877773,0.0971748328101542,0.323264031057125,0.0110701666590844,0.00359401301123698,0.0280848611679784,"SINGAPORE TECH ENGINEERING LTD",2019
0.00580973129992738,0.047540166969757,0.00213663671774189,0.0061158225151095,0.0132579508693591,0.00601379211004879,0.0165229238313017,0.00407521441389534,0.00601379211004879,0.587485070551024,0.0179513495021516,0.0366229136282612,0.039479764969961,0.188444156358595,0.00540160967968455,0.00254475833798472,0.0145843461351483,"SINGAPORE TECH ENGINEERING LTD",2020
0.00714490104589438,0.0607535578512155,0.00610251049690203,0.00520903288348001,0.0130021431783276,0.00501048230271956,0.0268014085411788,0.00605287285171191,0.00491120701233933,0.450905449045497,0.0275459732190305,0.0597608049474133,0.0511734923295239,0.253446896479231,0.00669816223918337,0.00183367301055238,0.0136474325657991,"SINGAPORE TECH ENGINEERING LTD",2021
0.00457541290996261,0.0274805474776282,0.00104420466411417,0.0109697629767693,0.00572066963834589,0.00934731594489294,0.522040578017808,0.0126876480693442,0.00190314721040163,0.0152644757082066,0.0269079191134366,0.0175549891649731,0.0207998832287257,0.311408778055983,0.00199858527110023,0.00199858527110023,0.00829749727720827,"SINGTEL",2015
0.00310748542889402,0.015471310433217,0.00232934259645411,0.00829510431182675,0.00371270763190284,0.00509607266735157,0.599943037910305,0.00985138997670657,0.00794926305296457,0.00587421549979148,0.0025022632258852,0.0256736275696514,0.0201401674278565,0.280818016295226,0.00172412039344529,0.0015511997640142,0.00596067581450702,"SINGTEL",2016
0.00308140537498752,0.0124163845448687,0.00501012007950843,0.00423863419770006,0.00153843361137079,0.00338999972771086,0.663396171614765,0.00524156584405094,0.00570445737313595,0.00115269067046661,0.00717028054857184,0.0194369060693248,0.010410521252167,0.252657088139993,0.0026185138459025,0.00099839349410494,0.00153843361137079,"SINGTEL",2017
0.00144932356980275,0.00209557932551807,0.00258027114230457,0.00726562537124067,0.0123548894474988,0.00241870720337574,0.643019725056191,0.00112619569194509,0.00419591053159288,0.0175249354932214,0.00395356462319963,0.0479797379813061,0.010820032027675,0.239109877734113,0.00104541372248067,0.000399157966765347,0.00266105311176898,"SINGTEL",2018
0.00921555940396217,0.003634841189792,0.00153196186271338,0.00428188098273926,0.00436276095685767,0.00403924106038404,0.651402553904124,0.0056568405427522,0.00581860049098902,0.0104287590157383,0.00217900165566065,0.058309703693836,0.00306868137096314,0.228885569109559,0.00185548175918701,0.00403924106038404,0.00128932194035816,"SINGTEL",2019
0.00479093887647276,0.00456961833054874,0.00316792153969666,0.00250395990192462,0.00361056263154469,0.00796320003471695,0.609291123310261,0.00685659730509688,0.0160045132032894,0.00759433245817693,0.00567622106016881,0.0902206696031419,0.00169245123353657,0.22743940807603,0.00316792153969666,0.000364527957992492,0.00508603293770478,"SINGTEL",2020
0.0043196258966196,0.00280379387326455,0.00645301911467484,0.00280379387326455,0.00914783160063936,0.00342135506796476,0.473216998454446,0.00162481341065508,0.0149865919868958,0.0154357274012232,0.0104952378436216,0.209686794097832,0.0049371870913198,0.234613809593004,0.00252308423930992,0.000726542582000238,0.00280379387326455,"SINGTEL",2021
0.00246410375173691,0.00524625598270804,0.00104678091709125,0.745351242859348,0.00808090165199938,0.00251659719005713,0.00419638721630384,0.00340898564150069,0.00613864443415161,0.0197869383974062,0.0045113478462251,0.00372394627142195,0.00267407750501776,0.169655704801606,0.00288405125829859,0.0172672533580361,0.00104678091709125,"THAI BEVERAGE PUBLIC CO LTD",2015
0.0046409534761091,0.00491096103632078,0.00296690660279664,0.678687826788562,0.00620699732533687,0.00674701244576025,0.00437094591589741,0.00361492474730469,0.00734102907822596,0.017439311830143,0.00177887333786522,0.00901507595153841,0.0102571107285122,0.219512969892569,0.00296690660279664,0.0185193420709898,0.0010228521692725,"THAI BEVERAGE PUBLIC CO LTD",2016
0.00234042064394592,0.000631769989776813,0.00702700529538119,0.739745224393214,0.00234042064394592,0.00712464247561942,0.00771046555704883,0.0019986905131121,0.00248687641430327,0.0157167143365841,0.00146168602180181,0.00873565594955029,0.00487898733014002,0.192244736207312,0.000338858449062109,0.00419552706847238,0.00102231871072975,"THAI BEVERAGE PUBLIC CO LTD",2017
0.00325705229486274,0.00498994002849314,0.00511371772375245,0.738661599062202,0.00424727385693725,0.010848750937434,0.00804312317822289,0.00581512466355523,0.0029269784408379,0.0146858594904728,0.00362838538064068,0.00399971846641863,0.00148290532947924,0.178196194928027,0.00325705229486274,0.0103123809246437,0.000533942999157826,"THAI BEVERAGE PUBLIC CO LTD",2018
0.00205435003820707,0.00185851480092004,0.00505715700994152,0.757097107398348,0.00910441858054012,0.001597401151204,0.0106384612726219,0.00127100908905895,0.00267449495628266,0.00619952922744919,0.00450229050429494,0.0201691094872573,0.00176059718227653,0.166817063009028,0.000552946552339847,0.00783148953817443,0.000814060202055886,"THAI BEVERAGE PUBLIC CO LTD",2019
0.00426912337968895,0.00570228091236495,0.00140280831433697,0.721593131634676,0.00415447077707487,0.0038965024211932,0.00292195529897352,0.00168943982087217,0.00128815571172289,0.00395382872250024,0.00312259735354816,0.0811436934324292,0.00527233365256215,0.151626380889434,0.00146013461564401,0.00573094406301847,0.000772218999959534,"THAI BEVERAGE PUBLIC CO LTD",2020
0.00715734788050007,0.00371608792722082,0.000576252203425893,0.676017713106191,0.00130469409134632,0.00931755485847098,0.00532368381780383,0.00524832776043275,0.000752083003958409,0.00223408546558962,0.0037914439845919,0.110043484877812,0.000852557747119847,0.162868081094938,0.001003269861862,0.00828768874106624,0.00150564357766919,"THAI BEVERAGE PUBLIC CO LTD",2021
0.00724192115870739,0.056312769010043,0.00695156111224978,0.0667657306825169,0.106545057047209,0.0147912823666052,0.0278574844571975,0.0336646853863497,0.0115973218555715,0.06153924984628,0.450040992006559,0.00695156111224978,0.0261153241784519,0.0943499350959896,0.00491904078704653,0.0037576006012161,0.0205984832957573,"UNITED OVERSEAS BANK LTD",2015
0.0276029650662771,0.0426876714946828,0.00741266569287265,0.0928153113183078,0.0484894816594542,0.0282991822860497,0.0371179337365023,0.0863172839337638,0.00253914515446466,0.00694852087969093,0.46459530667686,0.00184292793469209,0.0269067478465046,0.114398045131257,0.00253914515446466,0.00253914515446466,0.00694852087969093,"UNITED OVERSEAS BANK LTD",2016
0.00671054712207464,0.0267038266919671,0.00973474067046173,0.0287199557242252,0.0470331277672359,0.0115828589500316,0.0225035578747628,0.064674256799494,0.00620651486401012,0.0130949557242252,0.580971299810247,0.00503043959519292,0.0120868912080961,0.159432321315623,0.00234226755218216,0.00200624604680582,0.00116619228336496,"UNITED OVERSEAS BANK LTD",2017
0.00842008151575237,0.0361588455606962,0.0193049129764265,0.0236354373209958,0.00888824630975986,0.00116352720863626,0.0128676470588235,0.0682281339502093,0.0101756994932805,0.0095904935007711,0.570920081515752,0.0296045384445913,0.00748375192773739,0.167596111478299,0.0102927406917823,0.00643038114122053,0.00923936990526548,"UNITED OVERSEAS BANK LTD",2018
0.00195703972613269,0.0170339318760975,0.00250985910496473,0.00914369165094925,0.00457036769879326,0.00220832126196544,0.0120083011594426,0.00642985106395559,0.0141190660604376,0.0289446766745697,0.575582529725127,0.0885989132812639,0.00321344740529642,0.224743249395446,0.00316319109812987,0.00457036769879326,0.00120319511863445,"UNITED OVERSEAS BANK LTD",2019
0.000925880621619689,0.00505282412408306,0.000797913381233228,0.00182165130432492,0.00559668489572552,0.000957872431716304,0.0017896594942283,0.00210957759519445,0.0128908175977538,0.0183294253141784,0.623774431392622,0.163700210393198,0.0013737659629723,0.155510307008465,0.00239750388606399,0.00233352026587076,0.000637954330750151,"UNITED OVERSEAS BANK LTD",2020
0.00167854284334788,0.00738007977939151,0.000962407769255446,0.00773814731643773,0.00195397941030651,0.00173363015673961,0.0363560066234393,0.0010725823960389,0.0377056458015366,0.029387461479386,0.534483037968121,0.173275524058574,0.000686971202296817,0.157382834145061,0.00132047530630166,0.00589272231781491,0.000989951425951309,"UNITED OVERSEAS BANK LTD",2021
0.0493634912601705,0.00753688636275159,0.485233775839919,0.00184529139253319,0.0119048545957099,0.00713979834157356,0.013096118659244,0.0345388718028575,0.0338770584342274,0.0367890372561996,0.00965468914236773,0.00330128080351929,0.00925760112118971,0.265114649433566,0.0244793085996808,0.000786390002725114,0.00608089695176548,"UOL GROUP LIMITED",2015
0.014762713450918,0.00680635973416418,0.767206450663921,0.00657903534225693,0.00635171095034968,0.011125523180402,0.01294411831566,0.00862495486942219,0.0197638500728775,0.00817030608560769,0.020218498856692,0.00225987189601915,0.00657903534225693,0.0956901969698996,0.00794298169370044,0.0029418450717409,0.0020325475041119,"UOL GROUP LIMITED",2016
0.00240981888938782,0.00113755425834456,0.730017961383027,0.00940727436012573,0.0116973506960036,0.00915282143391708,0.0179314473881155,0.00749887741356084,0.0221299206705583,0.0142418799580901,0.0082622361921868,0.0137329741056728,0.00151923364765754,0.139432719652747,0.00482712168837,0.00177368657386619,0.00482712168837,"UOL GROUP LIMITED",2017
0.0039128563082316,0.00339011715506903,0.805271978106454,0.0122766827588328,0.00600381292088189,0.00169121490729067,0.0020832692721626,0.0263906398942222,0.0104470957227638,0.00443559546139418,0.0029980627901971,0.0039128563082316,0.00247532363703453,0.104801512868608,0.00378217151994096,0.0020832692721626,0.00404354109652225,"UOL GROUP LIMITED",2018
0.00726535128157846,0.000619583256500092,0.774538078554306,0.00362898764521483,0.0018735017517979,0.00275124469850636,0.00613682463581044,0.0139111193066568,0.0111524986170017,0.00676378388345934,0.00475751429098285,0.0200553199336161,0.00300202839756592,0.12638760833487,0.0117794578646506,0.000619583256500092,0.00475751429098285,"UOL GROUP LIMITED",2019
0.0033809320122112,0.0024844283763909,0.679344673420718,0.0033809320122112,0.0106525726138648,0.000990255650023731,0.00178714777075289,0.0208129471531615,0.00597083140458096,0.0104533495836825,0.00467588170839608,0.0702202586383692,0.0024844283763909,0.161065960401493,0.0192191629117032,0.000691421104750297,0.00238481686129975,"UOL GROUP LIMITED",2020
0.00330950059581844,0.00386198678366374,0.580749647925469,0.00183620409489763,0.00349366265843354,0.00386198678366374,0.00975517278734698,0.0357220236160763,0.0237514895460947,0.0334199978333875,0.0046907160654317,0.0636225761022641,0.00266493337666558,0.170896977575561,0.0550590401906619,0.00128371790705232,0.00202036615751273,"UOL GROUP LIMITED",2021
0.010075310400977,0.0357385168600312,0.00748015469163444,0.00575005088540607,0.0198792319696044,0.00401994707917769,0.229221792523238,0.00257819390732071,0.00719180405726304,0.088795033584368,0.00575005088540607,0.0132471673790623,0.0123821154759482,0.497099531854264,0.0513094511160866,0.00142479136983513,0.00805685596037723,"VENTURE CORPORATION LIMITED",2017
0.00422362156350791,0.00487636307786822,0.010751036707111,0.00193902626324681,0.00454999232068807,0.00618184610658885,0.2379050837045,0.00618184610658885,0.00389725080632775,0.0535056058977116,0.0156465980648134,0.00911918292121026,0.00846644140684995,0.554158347412072,0.0721087390569805,0.00389725080632775,0.00259176777760713,"VENTURE CORPORATION LIMITED",2018
0.0062363834422658,0.00762527233115468,0.0398011982570806,0.00183823529411765,0.00646786492374728,0.00484749455337691,0.198828976034858,0.00392156862745098,0.00531045751633987,0.0377178649237473,0.00693082788671024,0.0117919389978213,0.00831971677559913,0.600912309368192,0.0497549019607843,0.00600490196078431,0.0036900871459695,"VENTURE CORPORATION LIMITED",2019
0.00972626674432149,0.00593088720636769,0.0230926033779849,0.00329062317996506,0.00708600271791885,0.00494078819646671,0.166491943311978,0.0108813822558726,0.00246554067171423,0.0216074548631334,0.00510580469811687,0.0527955736750146,0.0148417782954766,0.596359930110658,0.0577460687245195,0.0140166957872258,0.00362065618326539,"VENTURE CORPORATION LIMITED",2020
0.00600197638737192,0.00334945649347272,0.0841628959276018,0.0114838508347636,0.0217402610911739,0.00635564570655848,0.217319394601342,0.00564830706818536,0.00458729911062568,0.0132521974306964,0.0026421178550996,0.0381858844333489,0.01236802413273,0.529609403443075,0.0243927809850731,0.0160815519841889,0.00281895251469288,"VENTURE CORPORATION LIMITED",2021
0.00331377249406124,0.00312937271534098,0.00091657537069779,0.012164961872634,0.00303717282598084,0.00183857426429912,0.00312937271534098,0.000824375481337658,0.00478897072382337,0.025349546051133,0.00442017116638284,0.0220303500341682,0.00248397348982005,0.211501122669241,0.00183857426429912,0.697486739486501,0.00174637437493899,"WILMAR INTERNATIONAL LIMITED",2015
0.00179569351378552,0.00458722885822496,0.00395688216754509,0.00350663453134518,0.00719866514818444,0.00215589162274545,0.00161559445930556,0.00152554493206558,0.0063882194030246,0.0126916863098233,0.00827925947506423,0.0154832216542628,0.00287628784066531,0.23079164128506,0.00215589162274545,0.694096458934767,0.000895198241385703,"WILMAR INTERNATIONAL LIMITED",2016
0.000649396651474721,0.000900299903180863,0.00170319030864052,0.0137465463905353,0.00847757810470635,0.00115120315488701,0.00446312607740808,0.00135192575625192,0.00225517746239403,0.0235819538574161,0.00290752591683,0.00887902330743618,0.00516565518218528,0.229172078305429,0.0018537322596642,0.692188939003944,0.00155264835761683,"WILMAR INTERNATIONAL LIMITED",2017
0.00183862220956579,0.00404868324934689,0.000891453192516746,0.00752163631186004,0.00431178575408273,0.00162814020577711,0.002838411727562,0.000786212190622408,0.00220696571619597,0.0162040189681429,0.00631136479007515,0.0136782349226788,0.00173338120767145,0.232526898361955,0.00120717619819976,0.701059838795548,0.00120717619819976,"WILMAR INTERNATIONAL LIMITED",2018
0.00431930323519064,0.00110273792383717,0.00250998524755432,0.00592758589086738,0.00366593840632197,0.00562603289292799,0.00612862122282697,0.00110273792383717,0.000600149593938193,0.00441982090117044,0.0029120559114735,0.030755449387877,0.00205765575064523,0.217617790444318,0.00100222025785738,0.708596329922631,0.00165558508672605,"WILMAR INTERNATIONAL LIMITED",2019
0.00293660074228481,0.00352432762214652,0.00331689460572474,0.0531699628857593,0.00293660074228481,0.0211907061874015,0.0220550104224922,0.00183029132136865,0.00705068890131679,0.00317860592811022,0.00359347196095378,0.0653393665158371,0.0104733336722762,0.270421475418171,0.000827698408663379,0.52746555493416,0.000689409731048859,"WILMAR INTERNATIONAL LIMITED",2020
0.00632020765862656,0.00514474621058513,0.000442900418419425,0.0689373566880766,0.00435051550244903,0.0233167448127391,0.0256676677088219,0.00692382299681,0.00536713080886324,0.00692382299681,0.00234905411794606,0.0739251255351713,0.0126105148670645,0.270036571988137,0.0053353615805378,0.479808786621044,0.00253966948789873,"WILMAR INTERNATIONAL LIMITED",2021
0.00997899159663866,0.0869879201680672,0.0122111344537815,0.170693277310924,0.0323004201680672,0.00886292016806723,0.0211397058823529,0.0256039915966387,0.0222557773109244,0.122702205882353,0.0166754201680672,0.0222557773109244,0.266675420168067,0.140559348739496,0.0233718487394958,0.00886292016806723,0.00886292016806723,"YANGZIJIANG SHIPBLDG HLDGS LTD",2015
0.0109955584443722,0.103076589751923,0.0284909543928068,0.203444913877153,0.0266493337666558,0.00915393781822121,0.0082331275051457,0.0220452822012783,0.0248077131405048,0.0726898494204311,0.0404614884627884,0.0100747481312967,0.282634600801647,0.127938468204962,0.0073123171920702,0.00547069656591919,0.0165204203228253,"YANGZIJIANG SHIPBLDG HLDGS LTD",2016
0.0183192282241493,0.0437780796155052,0.0135826977327343,0.171664402883711,0.0159509629784418,0.00825410092989238,0.0106223661755999,0.0189112945355762,0.0153588966670149,0.120746700101,0.0319367533869676,0.0112144324870268,0.348692230000348,0.111273639118169,0.0319367533869676,0.0183192282241493,0.00943823355274614,"YANGZIJIANG SHIPBLDG HLDGS LTD",2017
0.0320378151260504,0.14453781512605,0.010609243697479,0.16953781512605,0.0141806722689076,0.0141806722689076,0.0177521008403361,0.0141806722689076,0.0338235294117647,0.0123949579831933,0.0284663865546218,0.0409663865546218,0.278466386554622,0.110609243697479,0.00703781512605042,0.0463235294117647,0.0248949579831933,"YANGZIJIANG SHIPBLDG HLDGS LTD",2018
0.00309085156611259,0.130935286816423,0.00660760787558714,0.141071819708438,0.0117793083306968,0.00888315607583538,0.00619387183917837,0.00660760787558714,0.0169510087858064,0.0593589525177055,0.0250188614957775,0.0295699578962739,0.33883764511183,0.192995692277739,0.00619387183917837,0.0132273844581275,0.00267711552970381,"YANGZIJIANG SHIPBLDG HLDGS LTD",2019
0.00209150326797386,0.105249398004816,0.00747162022703818,0.0675885792913657,0.024547643618851,0.00372893016855865,0.0114482284141727,0.00326109391124871,0.0198692810457516,0.097296181630547,0.0154248366013072,0.0834950120399037,0.316945304437565,0.210278637770898,0.0215067079463364,0.00489852081183351,0.00489852081183351,"YANGZIJIANG SHIPBLDG HLDGS LTD",2020
0.00415829556604214,0.118931925431014,0.000981170863897585,0.103840583095828,0.0359295425874877,0.00137831145166565,0.00713684997430267,0.00316544409662197,0.0299724337709667,0.0802107181236275,0.0236181843666776,0.0800121478297435,0.298439471102182,0.195580058870252,0.00654113909265056,0.00356258468439004,0.00654113909265056,"YANGZIJIANG SHIPBLDG HLDGS LTD",2021
