time,open,high,low,close,Volume,Volume MA
1987-01-01T01:00:00Z,1.052251,1.342112,1.039696,1.310615,1735173,NaN
1987-02-02T01:00:00Z,1.323169,1.550036,1.323169,1.468099,7849439,NaN
1987-03-02T01:00:00Z,1.468099,1.833583,1.455545,1.75796,6952894,NaN
1987-04-01T01:00:00Z,1.75796,2.06669,1.707595,1.915519,4649611,NaN
1987-05-01T01:00:00Z,1.915519,2.142312,1.852451,2.129758,2913066,NaN
1987-06-01T01:00:00Z,2.142312,2.36918,2.054136,2.36918,3879607,NaN
1987-07-01T01:00:00Z,2.36918,2.595972,2.31874,2.57079,3221333,NaN
1987-08-03T01:00:00Z,2.583418,2.873279,2.545607,2.696852,4894621,NaN
1987-09-01T01:00:00Z,2.696852,2.696852,2.36918,2.495167,1272091,NaN
1987-10-01T01:00:00Z,2.482613,2.684223,1.184553,1.222364,3015372,NaN
1987-11-02T01:00:00Z,1.272803,1.323169,1.033382,1.039696,3532298,NaN
1987-12-01T01:00:00Z,1.027068,1.310615,0.819143,1.228678,5302501,NaN
1988-01-01T01:00:00Z,1.228678,1.417734,1.134187,1.3043,2742104,NaN
1988-02-01T01:00:00Z,1.291672,1.335797,1.140501,1.222364,1770175,NaN
1988-03-01T01:00:00Z,1.222364,1.41142,1.20981,1.297986,1958632,NaN
1988-04-01T01:00:00Z,1.279118,1.392551,1.247621,1.373609,2565753,NaN
1988-05-02T01:00:00Z,1.379923,1.581533,1.36098,1.581533,4078838,NaN
1988-06-01T01:00:00Z,1.594161,1.732778,1.581533,1.720149,4104413,NaN
1988-07-01T01:00:00Z,1.720149,1.858765,1.650841,1.827269,2981717,NaN
1988-08-01T01:00:00Z,1.827269,1.871394,1.531168,1.619344,2225172,3582240.5
1988-09-01T01:00:00Z,1.606716,1.707595,1.480728,1.518539,1230355,3556999.6
1988-10-03T01:00:00Z,1.505911,1.594161,1.41142,1.512225,1486130,3238834.15
1988-11-01T01:00:00Z,1.499596,1.543722,1.449231,1.455545,1312478,2956813.35
1988-12-01T01:00:00Z,1.455545,1.461859,1.323169,1.436602,2559024,2852284
1989-01-02T01:00:00Z,1.436602,1.631973,1.424048,1.625658,5886731,3000967.25
1989-02-01T01:00:00Z,1.644527,1.726464,1.568979,1.575219,5120772,3063025.5
1989-03-01T01:00:00Z,1.575219,1.739092,1.568979,1.694967,3016718,3052794.75
1989-04-03T01:00:00Z,1.694967,2.142312,1.682338,1.978513,10253683,3320747.85
1989-05-01T01:00:00Z,1.978513,2.180123,1.915519,2.054136,10144647,3764375.65
1989-06-01T01:00:00Z,2.054136,2.394362,1.86508,2.306186,8198091,4023511.6
1989-07-03T01:00:00Z,2.293557,2.36918,2.243117,2.331368,6706547,4182224.05
1989-08-01T01:00:00Z,2.331368,2.432173,2.217935,2.381734,7002704,4267234.2
1989-09-01T01:00:00Z,2.381734,2.558161,2.36918,2.36918,4685956,4364426.8
1989-10-02T01:00:00Z,2.36918,2.495167,2.041507,2.293557,4093646,4480600.35
1989-11-01T01:00:00Z,2.293557,2.36918,2.11713,2.306186,1607286,4463033.05
1989-12-01T01:00:00Z,2.306186,2.860651,2.306186,2.747217,8255989,4747544.85
1990-01-01T01:00:00Z,2.759846,3.02445,2.633784,2.646412,7224818,4904843.85
1990-02-01T01:00:00Z,2.646412,3.338349,2.646412,2.901392,2716862,4835466.3
1990-03-01T01:00:00Z,2.901392,3.163566,2.744088,2.91887,4028980,4887829.45
1990-04-02T01:00:00Z,2.744088,2.936349,2.674175,2.709131,1164859,4834813.8
1990-05-01T01:00:00Z,2.709131,3.967566,2.674175,3.897653,16920421,5619317.1
1990-06-01T01:00:00Z,3.897653,3.950088,3.705392,3.810262,6294653,5859743.25
1990-07-02T01:00:00Z,3.810262,4.369566,3.810262,4.22974,7095649,6148901.8
1990-08-01T01:00:00Z,4.22974,4.282175,2.779044,3.408262,5444454,6293173.3
1990-09-03T01:00:00Z,3.408262,3.513131,2.709131,3.058697,2963663,6147019.9
1990-10-01T01:00:00Z,3.058697,3.250957,2.796523,3.163566,4624010,6122181.8
1990-11-01T01:00:00Z,3.058697,3.146088,2.709131,2.779044,2171818,6079936.8
1990-12-03T01:00:00Z,2.848957,3.111131,2.796523,2.953827,3604461,5747475.7
1991-01-01T01:00:00Z,2.953827,3.163566,2.814001,3.02374,3014008,5390943.75
1991-02-01T01:00:00Z,3.006262,3.950088,2.971305,3.810262,10491866,5505632.5
1991-03-01T01:00:00Z,3.775306,4.159827,3.670436,4.142349,6244305,5482520.4
1991-04-01T01:00:00Z,4.159827,5.24348,4.159827,5.068697,6967488,5480759.6
1991-05-01T01:00:00Z,5.068697,5.24348,4.719132,5.068697,3387048,5415814.2
1991-06-03T01:00:00Z,5.068697,5.24348,4.762827,5.068697,3900822,5406173
1991-07-01T01:00:00Z,5.112393,5.287176,4.762827,5.068697,3804704,5516043.9
1991-08-01T01:00:00Z,5.068697,5.112393,4.159827,4.762827,6710026,5438745.75
1991-09-02T01:00:00Z,4.762827,4.893914,4.282175,4.33461,2610077,5208008.7
1991-10-01T01:00:00Z,4.33461,4.806523,4.089914,4.675436,3634205,5253875.85
1991-11-01T01:00:00Z,4.675436,5.199784,4.631741,5.156088,4783063,5291580
1991-12-02T01:00:00Z,5.156088,5.156088,4.675436,5.068697,3527788,5409726.45
1992-01-01T01:00:00Z,5.068697,6.204784,4.981306,5.811523,7964155,4961913.15
1992-02-03T01:00:00Z,5.811523,5.942611,5.461958,5.461958,2317145,4763037.75
1992-03-02T01:00:00Z,5.461958,5.636741,5.199784,5.330871,3942016,4605356.1
1992-04-01T01:00:00Z,5.330871,5.680436,4.981306,5.680436,3549531,4510609.95
1992-05-01T01:00:00Z,5.724132,6.030002,5.24348,5.593045,9061520,4815502.8
1992-06-01T01:00:00Z,5.593045,5.942611,5.505654,5.593045,3446547,4756629.65
1992-07-01T01:00:00Z,5.593045,5.680436,5.287176,5.374567,4200626,4858070.05
1992-08-03T01:00:00Z,5.374567,5.636741,4.413262,4.981306,15295548,5442624.4
1992-09-01T01:00:00Z,4.981306,5.24348,4.675436,5.156088,4510722,5517460.1
1992-10-01T01:00:00Z,5.156088,5.505654,5.025001,5.374567,7207789,5353256.25
1992-11-02T01:00:00Z,5.374567,5.767828,5.068697,5.767828,8885302,5485306.1
1992-12-01T01:00:00Z,5.724132,6.117393,5.330871,5.986306,36659221,6969892.75
1993-01-01T01:00:00Z,5.986306,6.55435,5.942611,6.55435,9092416,7255161.15
1993-02-01T01:00:00Z,6.55435,6.816524,6.117393,6.641741,10065049,7563372.5
1993-03-01T01:00:00Z,6.685437,6.816524,5.855219,5.855219,12977238,8021999.2
1993-04-01T01:00:00Z,5.898915,6.816524,5.811523,6.55435,13233559,8348175.85
1993-05-03T01:00:00Z,6.466958,6.641741,5.986306,6.335871,32478028,9841573.4
1993-06-01T01:00:00Z,6.335871,6.335871,5.898915,6.161089,7359977,10027862
1993-07-01T01:00:00Z,6.161089,6.379567,5.811523,6.292176,4677787,10022598.2
1993-08-02T01:00:00Z,6.204784,6.729132,5.855219,6.598046,6120723,10152244.95
1993-09-01T01:00:00Z,6.641741,6.729132,6.073697,6.729132,7457239,10126899.15
1993-10-01T01:00:00Z,6.641741,7.515654,6.598046,6.598046,9585600,10490321.9
1993-11-01T01:00:00Z,6.729132,7.209785,6.55435,6.903915,8140375,10700239.85
1993-12-01T01:00:00Z,6.903915,7.95261,6.903915,7.428263,6737487,10859637.65
1994-01-03T01:00:00Z,7.603045,7.821524,6.55435,7.122393,9909430,10902033.15
1994-02-01T01:00:00Z,7.166089,8.739133,7.035001,8.56435,12771272,11368269.4
1994-03-01T01:00:00Z,8.608045,8.608045,7.646741,8.302176,8134654,11564970.8
1994-04-01T01:00:00Z,8.302176,10.137394,8.214785,9.350872,8791468,11239766.8
1994-05-02T01:00:00Z,9.438264,10.574351,8.608045,9.613046,7465252,11387493.3
1994-06-01T01:00:00Z,9.613046,10.312177,9.17609,9.962611,5363211,11295264.4
1994-07-01T01:00:00Z,9.787829,10.312177,9.17609,9.962611,6084108,11155204.7
1994-08-01T01:00:00Z,9.962611,10.923916,9.700438,10.399568,6049778,9624732.55
1994-09-01T01:00:00Z,10.486959,11.885221,10.486959,11.098699,5745399,9457381.7
1994-10-03T01:00:00Z,11.360873,12.584351,11.098699,11.797829,4670920,9187675.25
1994-11-01T01:00:00Z,11.797829,12.671743,10.486959,11.273481,4666345,8772130.6
1994-12-01T01:00:00Z,11.273481,11.885221,10.574351,11.448264,2878983,8254401.8
1995-01-02T01:00:00Z,11.623047,11.885221,7.86522,8.913916,11390125,7200006.65
1995-02-01T01:00:00Z,8.913916,9.787829,8.25848,9.613046,12197988,7441907.2
1995-03-01T01:00:00Z,9.700438,10.486959,9.088698,10.486959,4942117,7455123.7
1995-04-03T01:00:00Z,10.312177,11.011307,9.87522,9.962611,5428437,7420509.4
1995-05-01T01:00:00Z,10.050003,12.147395,10.050003,12.147395,5592066,7327250.75
1995-06-01T01:00:00Z,12.234786,12.671743,10.749133,10.923916,6632215,7179581.5
1995-07-03T01:00:00Z,11.011307,12.322177,11.011307,11.623047,3963756,6970750.55
1995-08-01T01:00:00Z,11.623047,11.623047,10.486959,11.360873,3832162,6825484.3
1995-09-01T01:00:00Z,11.273481,11.535655,10.836525,11.098699,4437486,6551887.1
1995-10-02T01:00:00Z,11.098699,11.448264,10.661742,11.011307,4911223,6158884.65
1995-11-01T01:00:00Z,11.011307,11.098699,10.574351,10.836525,3002567,5902280.3
1995-12-01T01:00:00Z,10.836525,12.584351,10.749133,12.322177,6306097,5778011.75
1996-01-01T01:00:00Z,12.234786,14.856526,12.234786,14.157396,8919627,5850730.5
1996-02-01T01:00:00Z,14.070004,14.332178,13.021308,13.895221,4500429,5807591.4
1996-03-01T01:00:00Z,13.895221,14.419569,12.322177,14.157396,7007539,5853762.95
1996-04-01T01:00:00Z,14.244786,14.856526,13.458265,14.856526,3649083,5733728.2
1996-05-01T01:00:00Z,14.856526,14.856526,12.846525,12.933917,6343854,5763650.95
1996-06-03T01:00:00Z,12.933917,13.370873,12.147395,13.196091,3831023,5721656.1
1996-07-01T01:00:00Z,13.196091,13.370873,10.749133,11.18609,9000870,5938382.35
1996-08-01T01:00:00Z,11.18609,11.972612,10.923916,11.797829,7586543,6173760.35
1996-09-02T01:00:00Z,11.535655,13.545656,11.011307,13.370873,9788137,6093660.95
1996-10-01T01:00:00Z,13.283482,13.545656,12.147395,12.933917,4321916,5699857.35
1996-11-01T01:00:00Z,13.021308,13.982613,12.234786,13.895221,6540674,5779785.2
1996-12-02T01:00:00Z,13.982613,15.118699,13.545656,14.943917,5493660,5783046.35
1997-01-01T01:00:00Z,15.031309,15.817831,13.458265,13.545656,7340524,5870469.25
1997-02-03T01:00:00Z,13.720439,14.419569,12.846525,13.108699,6514360,5864576.5
1997-03-03T01:00:00Z,13.370873,13.545656,12.234786,12.759134,5382667,5935522.05
1997-04-01T01:00:00Z,12.584351,13.633047,12.409569,12.933917,4597687,5973798.3
1997-05-01T01:00:00Z,13.021308,13.633047,12.49696,12.671743,8068286,6155338.3
1997-06-02T01:00:00Z,12.671743,13.283482,11.972612,12.933917,5248781,6172216.2
1997-07-01T01:00:00Z,12.846525,13.021308,10.836525,11.273481,7952710,6419723.35
1997-08-01T01:00:00Z,11.18609,11.448264,7.384567,7.603045,10005546,6604695.8
1997-09-01T01:00:00Z,7.777828,9.17609,7.690436,8.083698,8995150,6608471.95
1997-10-01T01:00:00Z,8.083698,8.083698,5.199784,6.030002,24913205,7629110.75
1997-11-03T01:00:00Z,6.292176,7.166089,5.724132,5.898915,8864707,7721969.15
1997-12-01T01:00:00Z,6.117393,6.685437,5.942611,6.073697,5199577,7799493.85
1998-01-01T01:00:00Z,6.117393,6.117393,3.32087,3.705392,10448389,8004720.6
1998-02-02T01:00:00Z,4.020001,6.991306,4.020001,6.292176,14011667,8513752.8
1998-03-02T01:00:00Z,5.767828,6.991306,5.680436,6.379567,8764005,8501909.55
1998-04-01T01:00:00Z,6.379567,6.55435,5.330871,5.330871,7324510,8488807.9
1998-05-01T01:00:00Z,5.374567,5.593045,4.544349,4.544349,6221420,8310472.05
1998-06-01T01:00:00Z,4.544349,4.544349,3.338349,3.600523,11005648,8644658.65
1998-07-01T01:00:00Z,3.670436,4.194784,3.635479,4.142349,9872810,8811265.45
1998-08-03T01:00:00Z,4.107392,4.194784,2.036218,2.062435,9716048,9022384.85
1998-09-01T01:00:00Z,1.747827,2.51687,1.61674,2.385783,7569376,9033827.45
1998-10-01T01:00:00Z,2.350827,3.722871,2.079914,3.583044,11957686,9305993.75
1998-11-02T01:00:00Z,3.635479,5.112393,3.635479,4.981306,12712909,9672505.85
1998-12-01T01:00:00Z,4.806523,5.287176,4.369566,4.93761,8060275,9845635.25
1999-01-01T01:00:00Z,5.025001,6.729132,4.850219,5.811523,11499977,10017219.8
1999-02-01T01:00:00Z,5.811523,5.986306,4.981306,5.505654,5882716,10048916.55
1999-03-01T01:00:00Z,5.461958,6.729132,5.461958,6.379567,7286741,10015618.1
1999-04-01T01:00:00Z,6.379567,9.962611,6.379567,8.826524,14044853,10217583.45
1999-05-03T01:00:00Z,8.913916,9.525655,8.302176,8.389567,5436445,10039648.2
1999-06-01T01:00:00Z,8.345871,9.088698,8.040002,8.56435,8053409,9196658.4
1999-07-01T01:00:00Z,8.608045,8.739133,6.466958,8.040002,6472019,9077024
1999-08-02T01:00:00Z,8.040002,8.826524,7.515654,8.302176,4610275,9047558.9
1999-09-01T01:00:00Z,8.25848,8.651741,4.850219,4.981306,36551659,10352722.4
1999-10-01T01:00:00Z,4.981306,5.767828,4.850219,4.93761,10346545,10169466.3
1999-11-01T01:00:00Z,5.112393,5.767828,4.893914,5.330871,9903706,10226451.35
1999-12-01T01:00:00Z,5.287176,6.292176,4.33461,4.500654,21344203,10927436
2000-01-03T01:00:00Z,4.588045,4.631741,3.233479,3.233479,13295344,11281132.2
2000-02-01T01:00:00Z,3.233479,3.775306,3.233479,3.32087,13336544,11397677
2000-03-01T01:00:00Z,3.373305,4.544349,3.093653,4.020001,14928232,11650448.1
2000-04-03T01:00:00Z,4.037479,4.456958,3.740349,4.413262,9164505,11622870.95
2000-05-01T01:00:00Z,4.544349,4.762827,3.02374,3.02374,8499679,11669386.1
2000-06-01T01:00:00Z,3.02374,3.82774,2.848957,3.548088,6673407,11405172.15
2000-07-03T01:00:00Z,3.565566,3.845219,3.338349,3.495653,5856396,11062346.5
2000-08-01T01:00:00Z,3.53061,3.600523,3.181044,3.32087,3217688,10820217.15
2000-09-01T01:00:00Z,3.285914,3.373305,3.006262,3.058697,2343461,10362391.35
2000-10-02T01:00:00Z,2.988784,3.146088,2.62174,2.796523,1950974,10165804.25
2000-11-01T01:00:00Z,2.814001,3.181044,2.761566,3.02374,6784402,10140687.3
2000-12-01T01:00:00Z,2.953827,3.006262,2.883914,2.901392,4987891,9687839.2
2001-01-02T01:00:00Z,2.901392,2.901392,2.639218,2.901392,2811470,9556590.45
2001-02-01T01:00:00Z,2.883914,3.373305,2.883914,3.128609,3194805,9313660.25
2001-03-01T01:00:00Z,3.128609,3.163566,2.560566,2.744088,2707342,9125426.4
2001-04-02T01:00:00Z,2.744088,2.901392,2.639218,2.883914,2430429,9016434.1
2001-05-02T01:00:00Z,2.883914,2.901392,2.674175,2.691653,2270226,7302362.45
2001-06-01T01:00:00Z,2.674175,2.814001,2.62174,2.796523,2240473,6897058.85
2001-07-02T01:00:00Z,2.761566,2.831479,2.674175,2.779044,2895000,6546623.55
2001-08-01T01:00:00Z,2.796523,3.058697,2.779044,3.02374,5713360,5765081.4
2001-09-03T01:00:00Z,3.02374,3.058697,2.481914,2.51687,3998087,5300218.55
2001-10-01T01:00:00Z,2.508131,2.534349,2.42074,2.490653,5812913,4924037
2001-11-01T01:00:00Z,2.490653,2.508131,2.307131,2.385783,4523311,4403790.95
2001-12-03T01:00:00Z,2.385783,2.796523,2.385783,2.691653,6092117,4250171.55
2002-01-02T01:00:00Z,2.691653,3.618001,2.691653,3.408262,6248884,4137631.8
2002-02-01T01:00:00Z,3.408262,4.089914,3.32087,3.93261,8896741,4248798.5
2002-03-01T01:00:00Z,3.967566,4.020001,3.635479,3.722871,4854006,4198679
2002-04-01T01:00:00Z,3.687914,4.631741,3.565566,4.212262,8686196,4472104.4
2002-05-01T01:00:00Z,4.282175,4.588045,3.967566,3.967566,4040427,4556952.7
2002-06-03T01:00:00Z,4.020001,4.675436,3.757827,4.142349,9400227,4929415.35
2002-07-01T01:00:00Z,4.142349,4.299653,3.810262,3.810262,5265947,4853492.6
2002-08-01T01:00:00Z,3.915132,3.950088,3.635479,3.757827,3296643,4768930.2
2002-09-02T01:00:00Z,3.757827,3.845219,3.076175,3.32087,4240674,4840390.4
2002-10-01T01:00:00Z,3.303392,3.565566,3.058697,3.32087,6396492,5000474.75
2002-11-01T01:00:00Z,3.32087,3.408262,3.02374,3.041218,2523114,4991263.35
2002-12-02T01:00:00Z,3.058697,3.076175,2.639218,2.971305,2193559,4979419.85
2003-01-02T01:00:00Z,2.936349,3.303392,2.691653,2.91887,2186693,4975243.2
2003-02-03T01:00:00Z,2.936349,3.216001,2.848957,3.163566,3502619,5038350.5
2003-03-03T01:00:00Z,3.163566,3.495653,3.041218,3.285914,3128436,5050022.3
2003-04-01T01:00:00Z,3.233479,3.880175,3.233479,3.600523,4532467,4990977.65
2003-05-01T01:00:00Z,3.635479,4.631741,3.618001,4.588045,6097837,5095965.15
2003-06-02T01:00:00Z,4.588045,4.981306,4.194784,4.317132,11465648,5378601.9
2003-07-01T01:00:00Z,4.352088,4.893914,4.247219,4.850219,11659029,5735387.8
2003-08-01T01:00:00Z,4.850219,4.893914,4.369566,4.551885,12891077,6075335.8
2003-09-01T01:00:00Z,4.551885,5.106281,4.43517,5.05765,12850779,6405430.55
2003-10-01T01:00:00Z,4.960387,5.884381,4.960387,5.83575,13131464,6617166.7
2003-11-03T01:00:00Z,5.83575,6.2248,5.641225,5.884381,7205233,6734728.05
2003-12-01T01:00:00Z,5.933012,6.030275,5.398069,5.641225,5213714,6561103.95
2004-01-02T01:00:00Z,5.83575,6.467956,5.689856,5.933012,8248801,6771522.65
2004-02-02T01:00:00Z,5.83575,6.127538,5.689856,5.981644,7634999,6683261.25
2004-03-01T01:00:00Z,6.078906,6.322063,5.787119,6.273431,8650802,6852504
2004-04-01T01:00:00Z,6.273431,7.100163,6.2248,6.516587,8573695,7116356.6
2004-05-03T01:00:00Z,6.516587,6.711113,6.030275,6.322063,6074271,7208036.45
2004-06-01T01:00:00Z,6.370694,6.61385,5.738488,6.2248,6111285,7193776.1
2004-07-01T01:00:00Z,6.2248,6.370694,5.83575,6.370694,15044843,7819862.55
2004-08-02T01:00:00Z,6.419325,6.954269,6.176169,6.759744,5963232,8008346.2
2004-09-01T01:00:00Z,6.857006,8.17005,6.857006,8.024156,7365624,8267292.75
2004-10-01T01:00:00Z,8.024156,8.315944,7.39195,7.781,4487845,8316554.05
2004-11-01T01:00:00Z,8.072788,9.823513,8.024156,9.628987,6006415,8460453
2004-12-01T01:00:00Z,9.628987,10.50435,9.385831,10.309825,5164363,8492047.8
2005-01-03T01:00:00Z,10.309825,10.407088,9.72625,9.72625,3225285,8348420.2
2005-02-01T01:00:00Z,9.823513,11.476975,9.823513,11.379713,4651320,8007703.8
2005-03-01T01:00:00Z,11.28245,11.866025,10.309825,11.379713,8649778,7857241.25
2005-04-01T01:00:00Z,11.379713,12.644125,11.28245,11.866025,4721237,7448749.25
2005-05-02T01:00:00Z,12.255075,12.935913,11.866025,11.963288,5502624,7081341.5
2005-06-01T01:00:00Z,12.255075,13.519488,12.06055,12.935913,4294554,6639496
2005-07-01T01:00:00Z,12.83865,13.033175,11.768763,13.033175,4871342,6522801.45
2005-08-01T01:00:00Z,13.033175,13.130438,10.1153,10.8934,11704394,6847335.45
2005-09-01T01:00:00Z,10.796138,11.476975,9.823513,10.796138,10474736,6958632.2
2005-10-03T01:00:00Z,10.50435,11.087925,10.018038,10.212563,5270263,6840395.4
2005-11-01T01:00:00Z,10.018038,10.309825,9.094044,10.1153,6159610,6715835.8
2005-12-01T01:00:00Z,10.796138,11.768763,10.309825,10.796138,5565341,6565418.1
2006-01-02T01:00:00Z,10.796138,11.6715,10.50435,11.087925,3674583,6445433.7
2006-02-01T01:00:00Z,10.8934,11.087925,9.677619,10.018038,5125294,6396134.15
2006-03-01T01:00:00Z,10.018038,10.8934,9.823513,10.796138,6854636,5986623.8
2006-04-03T01:00:00Z,10.796138,11.28245,10.50435,10.8934,5172590,5947091.7
2006-05-01T01:00:00Z,10.8934,10.8934,9.142675,10.018038,7054097,5931515.35
2006-06-01T01:00:00Z,9.580357,10.018038,8.802256,9.72625,7980455,6106145.85
2006-07-03T01:00:00Z,9.823513,10.796138,9.531725,10.309825,5693858,6090518
2006-08-01T01:00:00Z,10.1153,11.476975,10.018038,10.8934,6116427,6138121.2
2006-09-01T01:00:00Z,10.990663,12.352338,10.796138,11.6715,5655817,6259647.8
2006-10-02T01:00:00Z,11.476975,12.06055,11.087925,12.06055,4224640,6238313.8
2006-11-01T01:00:00Z,11.866025,13.714013,11.6715,13.714013,10218725,6316761.15
2006-12-01T01:00:00Z,13.61675,14.7839,13.324963,14.39485,4989578,6330178.2
2007-01-01T01:00:00Z,14.39485,14.7839,13.324963,13.714013,7540408,6432067.4
2007-02-01T01:00:00Z,13.714013,14.103063,12.06055,12.352338,7978398,6616259.6
2007-03-01T01:00:00Z,12.4496,12.546863,11.28245,11.574238,6025948,6673989.9
2007-04-02T01:00:00Z,11.768763,13.2277,11.768763,12.935913,6997548,6438647.6
2007-05-01T01:00:00Z,13.130438,14.103063,12.644125,13.422225,8410220,6335421.8
2007-06-01T01:00:00Z,13.61675,15.562,13.519488,15.270213,12182486,6681032.95
2007-07-02T01:00:00Z,15.270213,17.50725,14.881163,15.659263,7447875,6745446.2
2007-08-01T01:00:00Z,15.659263,16.145575,11.963288,15.270213,9838311,6959094.7
2007-09-03T01:00:00Z,15.464738,17.993563,14.881163,17.993563,8349561,7192843.6
2007-10-01T01:00:00Z,17.993563,21.300488,17.020938,20.425125,7462269,7309692.35
2007-11-01T01:00:00Z,20.911438,21.981325,17.020938,20.327863,7978399,7365880.5
2007-12-03T01:00:00Z,20.327863,21.222678,18.577138,21.203224,6958480,7455175
2008-01-01T01:00:00Z,21.16432,21.747896,15.270213,18.966188,12649263,7734933.3
2008-02-01T01:00:00Z,19.21907,21.203224,17.35163,20.911438,7439652,7707893.15
2008-03-03T01:00:00Z,20.016623,20.288958,15.737073,19.005093,8528459,7849623.2
2008-04-01T01:00:00Z,19.724836,19.724836,16.048313,16.165028,13495430,8218573.35
2008-05-01T01:00:00Z,16.359553,17.1182,15.892693,15.931597,7926994,8332132.2
2008-06-02T01:00:00Z,16.067765,17.526703,15.87324,16.534625,14217185,8831759.45
2008-07-01T01:00:00Z,16.534625,17.020938,14.978425,16.962581,6986235,8670134.95
2008-08-01T01:00:00Z,16.573531,17.35163,16.145575,17.35163,4864143,8663863.2
2008-09-01T01:00:00Z,17.35163,17.837943,13.811275,15.17295,10148812,8794283.4
2008-10-01T01:00:00Z,14.978425,15.075688,7.781,9.006508,11957323,8993229.65
2008-11-03T01:00:00Z,9.3372,10.698875,8.286765,10.173658,11331181,9258491.3
2008-12-01T01:00:00Z,9.95968,10.212563,9.02596,9.239938,6573954,9237311.6
2009-01-01T01:00:00Z,9.317747,11.418618,9.317747,10.50435,6790893,9156345.25
2009-02-02T01:00:00Z,10.523803,10.523803,8.520195,8.598005,5851168,8839779.35
2009-03-02T01:00:00Z,8.598005,12.255075,7.994978,11.51588,8221041,8878437.65
2009-04-01T01:00:00Z,11.476975,14.200325,11.301902,13.889085,7669955,8770019.85
2009-05-01T01:00:00Z,13.733465,16.437362,13.69456,15.95105,9375648,8821324.2
2009-06-01T01:00:00Z,15.970503,19.024544,15.756526,18.674401,7540410,8825231.25
2009-07-01T01:00:00Z,18.479875,22.95395,17.526703,22.95395,6261394,8739381
2009-08-03T01:00:00Z,22.934498,24.665771,21.592276,22.564901,5053328,8644123.4
2009-09-01T01:00:00Z,22.545448,24.218362,22.098039,23.634787,5064635,8264892
2009-10-01T01:00:00Z,23.556977,26.358138,22.389828,22.720521,5656845,8175751.65
2009-11-02T01:00:00Z,22.292565,24.8992,21.7868,23.615336,4766471,7987652.25
2009-12-01T01:00:00Z,23.770956,26.260875,23.459716,26.260875,4824048,7554083.15
2010-01-01T01:00:00Z,26.455401,26.747188,23.848765,24.607412,3882074,7351837.15
2010-02-01T01:00:00Z,24.704675,25.035368,22.389828,23.615336,5762747,6929115.25
2010-03-01T01:00:00Z,23.440263,29.5678,23.18738,28.575722,8449287,7002267.85
2010-04-01T01:00:00Z,28.634081,31.571407,27.817075,29.64561,7001661,7109143.75
2010-05-03T01:00:00Z,29.295466,29.820683,24.607412,26.84445,10858236,7144614.95
2010-06-01T01:00:00Z,26.358138,30.81276,25.774563,29.17875,7462267,6919862.15
2010-07-01T01:00:00Z,29.17875,36.512343,28.984224,34.819974,5896404,6648123.3
2010-08-02T01:00:00Z,35.987125,36.278912,31.124,31.629765,5861447,6612497.95
2010-09-01T01:00:00Z,32.096625,38.885548,32.096625,38.224162,4919666,6518936.6
2010-10-01T01:00:00Z,38.029636,39.196787,36.162198,38.224162,4430266,6447891.5
2010-11-01T01:00:00Z,38.418688,39.06062,35.617527,36.026031,5792562,6326467.55
2010-12-01T01:00:00Z,36.026031,36.881938,33.964063,35.598073,5949869,6240463.25
2011-01-03T01:00:00Z,35.792599,36.95975,33.06925,33.06925,5471780,6045269.85
2011-02-01T01:00:00Z,33.147062,34.041875,29.64561,32.75801,4812740,5908886.35
2011-03-01T01:00:00Z,32.563485,36.434532,32.446771,35.598073,5255868,5858610.05
2011-04-01T01:00:00Z,35.967673,36.95975,34.508735,35.870411,3756833,5793785.3
2011-05-02T01:00:00Z,36.201103,39.702553,34.54764,39.391313,4575239,5769315.5
2011-06-01T01:00:00Z,39.527479,42.095209,37.446063,41.822875,4703754,5721660.95
2011-07-01T01:00:00Z,41.628349,48.689608,40.947511,47.036146,5689747,5767824.75
2011-08-01T01:00:00Z,47.580813,48.135213,40.363938,43.593053,6432068,5848225.75
2011-09-01T01:00:00Z,43.515244,46.199688,34.742166,40.830797,8566498,6082446.95
2011-10-03T01:00:00Z,40.636272,46.686,36.59988,44.254438,5758633,6082241.25
2011-11-01T01:00:00Z,43.670864,47.950412,41.910411,44.42951,4625614,5891057.6
2011-12-01T01:00:00Z,45.713375,48.63125,44.643489,46.802714,4286326,5755290.85
2012-01-02T01:00:00Z,46.812442,50.090188,46.812442,49.963745,3854507,5405104.4
2012-02-01T01:00:00Z,49.885937,50.37225,43.670864,46.48175,5877899,5325886
2012-03-01T01:00:00Z,46.676276,47.999042,44.254438,46.968062,5303164,5296224
2012-04-02T01:00:00Z,47.162588,48.485354,45.304874,45.878719,3688975,5187600.4
2012-05-01T01:00:00Z,45.820365,46.472022,40.89888,40.966964,5116040,5197419.1
2012-06-01T01:00:00Z,40.80162,47.055598,38.982812,45.042265,4551591,5203485.35
2012-07-02T01:00:00Z,45.042265,48.144938,43.768125,45.421588,4407646,5134239.55
2012-08-01T01:00:00Z,45.499397,49.117563,44.653214,45.022812,3587190,5016105.6
2012-09-03T01:00:00Z,44.828286,47.901781,43.962651,46.783261,3351746,4910103.9
2012-10-01T01:00:00Z,46.394213,51.957626,46.345583,47.892057,5686661,4953799.95
2012-11-01T01:00:00Z,47.464099,48.290833,44.303068,47.454375,5225028,4952257.95
2012-12-03T01:00:00Z,46.695724,48.144938,45.664745,46.831896,3934702,4961151.4
2013-01-01T01:00:00Z,46.968062,50.955823,46.608188,49.224552,4402508,4952514.85
2013-02-01T01:00:00Z,49.224552,51.062813,48.650703,50.187448,2937403,4864197.3
2013-03-01T01:00:00Z,50.381974,54.467,49.633053,49.730317,4661604,4812790.15
2013-04-01T01:00:00Z,49.856756,50.800204,46.695724,47.366838,4249313,4703652.4
2013-05-01T01:00:00Z,47.172313,47.464099,43.573599,45.470219,6958479,4623251.45
2013-06-03T01:00:00Z,44.925548,45.227063,38.905,41.346287,6233636,4647001.6
2013-07-01T01:00:00Z,41.540813,42.134115,39.177334,39.21624,4332594,4632350.6
2013-08-01T01:00:00Z,39.780364,40.85025,30.637688,32.261969,5760691,4706068.85
2013-09-02T01:00:00Z,33.040072,38.603485,31.425515,37.105646,7240189,4875352.95
2013-10-01T01:00:00Z,36.91112,36.91112,32.884452,35.646708,5486171,4855766.55
2013-11-01T01:00:00Z,35.773147,35.792599,33.127608,34.333662,3810297,4781123.2
2013-12-02T01:00:00Z,34.421198,35.539718,32.874724,34.96587,4504298,4821889.35
2014-01-01T01:00:00Z,35.257656,39.323229,33.2735,34.041875,5292882,4830731.45
2014-02-03T01:00:00Z,33.847349,38.321427,32.388412,38.165807,6325144,4919409.1
2014-03-03T01:00:00Z,37.42661,44.63376,37.057011,44.089093,5859388,4991996.2
2014-04-01T01:00:00Z,44.089093,47.668349,42.59125,45.625839,6462913,5135782.35
2014-05-01T01:00:00Z,45.820365,45.820365,42.338365,42.386999,4825078,5209448.95
2014-06-02T01:00:00Z,43.019204,44.215532,42.231376,43.048381,4613279,5155779.85
2014-07-01T01:00:00Z,42.7955,46.394213,42.318912,45.227063,5172587,5153157.8
2014-08-01T01:00:00Z,45.05199,45.800911,43.145646,43.826483,2858233,5099334.35
2014-09-01T01:00:00Z,43.563875,43.845937,41.608897,41.735339,4233890,5090903.45
2014-10-01T01:00:00Z,41.424099,41.628349,38.010187,38.807739,5563284,5222197.5
2014-11-03T01:00:00Z,38.914724,41.550541,38.272792,41.424099,5419172,5260075.9
2014-12-01T01:00:00Z,42.211927,42.698239,38.428412,41.433823,4595801,5277400.3
2015-01-01T01:00:00Z,40.947511,41.531088,37.446063,41.142037,6747298,5266841.25
2015-02-02T01:00:00Z,40.928062,42.309188,39.916531,41.531088,4123162,5161317.55
2015-03-02T01:00:00Z,41.531088,42.289735,39.157881,39.935983,4904551,5189915.4
2015-04-01T01:00:00Z,39.683099,42.581522,39.177334,39.303776,4372589,5120510.3
2015-05-01T01:00:00Z,39.177334,40.675178,38.204709,38.379782,3283062,4922653.95
2015-06-01T01:00:00Z,37.105646,37.348802,32.82,33.099998,4858136,4891252.2
2015-07-01T01:00:00Z,32.220001,32.5,28.780001,29.549999,10637200,5232597.35
2015-08-03T01:00:00Z,29.75,31,26.700001,28.6,6839100,5349337.45
2015-09-01T01:00:00Z,28.629999,29.99,26.360001,27.02,5614100,5365398.35
2015-10-01T01:00:00Z,27.120001,33.400002,26.59,32.619999,8100600,5454171.15
2015-11-02T01:00:00Z,31.83,34,31.799999,31.950001,5076900,5415046.75
2015-12-01T01:00:00Z,32.32,36.450001,31.950001,34.849998,7640500,5473926.1
2016-01-01T01:00:00Z,34.98,37.290001,32.369999,37.290001,5780100,5521677.2
2016-02-01T01:00:00Z,37.09,40.799999,35.119999,38.790001,9216300,5751828.25
2016-03-01T01:00:00Z,38.529999,41.07,38.02,40.029999,9277300,5957063.9
2016-04-01T01:00:00Z,40.049999,45.200001,38.380001,38.619999,8704700,6249387.25
2016-05-02T01:00:00Z,38.009998,38.209999,31.6,33.799999,13252900,6700337.75
2016-06-01T01:00:00Z,33.799999,36.919998,32.299999,36.5,10220600,6933203.55
2016-07-01T01:00:00Z,36.68,39.23,34.919998,39.23,6270017,6975745.8
2016-08-01T01:00:00Z,39.700001,44.950001,39.610001,42.5,9152500,7203580.75
2016-09-01T01:00:00Z,42.299999,44,39.509998,42.830002,7530300,7242730.85
2016-10-03T01:00:00Z,43.099998,43.900002,39.639999,42.220001,6192400,7346192.75
2016-11-01T01:00:00Z,42.349998,43,38,40.150002,7226585,7462294.45
2016-12-01T01:00:00Z,40.25,42.009998,39.169998,41.23,5494400,7518385
2017-01-02T01:00:00Z,41.25,42.5,40.310001,41.349998,5883600,7648411.9
2017-02-01T01:00:00Z,41.439999,43.119999,40.110001,42.709999,6404300,7725720.1
2017-03-01T01:00:00Z,42.91,46.23,42.91,43.860001,6227300,7505225.1
2017-04-03T01:00:00Z,44.200001,48.5,44.040001,47.23,4860400,7406290.1
2017-05-01T01:00:00Z,48.200001,48.32,43.66,43.82,5147100,7382940.1
2017-06-01T01:00:00Z,44.330002,46.029999,43.41,44.349998,5487800,7252300.1
2017-07-03T01:00:00Z,44.310001,44.48,40.060001,40.360001,5490400,7272975.1
2017-08-01T01:00:00Z,40.560001,42.700001,39.439999,39.93,5691600,7175530.1
2017-09-01T01:00:00Z,39.900002,40.169998,38.799999,39.34,4177600,7095405.1
2017-10-02T01:00:00Z,39.490002,41.049999,39.290001,39.389999,4180300,6843605.1
2017-11-01T01:00:00Z,39.549999,40.189999,38.799999,39.880001,5701700,6664825.1
2017-12-01T01:00:00Z,40,41.470001,40,40.669998,3164200,6387800.1
2018-01-01T01:00:00Z,40.900002,41.419998,39.599998,39.93,5866500,6018480.1
2018-02-01T01:00:00Z,39.880001,40.259998,36.060001,37.169998,6415340,5828217.1
2018-03-01T01:00:00Z,36.950001,37.049999,33.48,34.5,7314200,5880426.25
2018-04-02T01:00:00Z,34.75,35.689999,33.900002,34.259998,5057800,5675691.25
2018-05-01T01:00:00Z,34.049999,35.299999,32.57,34.380001,7778600,5688106.25
2018-06-01T01:00:00Z,34.52,35.299999,31.26,31.82,4450800,5601026.25
2018-07-02T01:00:00Z,31.610001,33.98,30.219999,33.619999,5056743,5492534.15
2018-08-01T01:00:00Z,33.849998,35.669998,32.400002,32.439999,4677100,5451669.15
2018-09-03T01:00:00Z,32.369999,32.43,30.190001,31.99,4792300,5397104.15
2018-10-01T01:00:00Z,31.809999,32.200001,27.66,30.27,7444000,5449089.15
2018-11-01T01:00:00Z,31.709999,36,30.85,35.200001,9556888,5615568.55
2018-12-03T01:00:00Z,36.119999,36.630001,34.419998,35.349998,5829699,5664033.5
2019-01-02T01:00:00Z,35.209999,38.16,34.619999,37.77,10249181,5919137.55
2019-02-01T01:00:00Z,37.709999,38.139999,33.080002,33.34,6291957,5959345.4
2019-03-01T01:00:00Z,33.540001,34.150002,31.709999,32.490002,7905900,6080120.4
2019-04-01T01:00:00Z,32.490002,36.830002,32.490002,35.52,7102900,6150685.4
2019-05-02T01:00:00Z,35.529999,35.860001,32.419998,33.77,7346200,6309115.4
2019-06-03T01:00:00Z,34,36.959999,33.830002,36.23,5179200,6359060.4
2019-07-01T01:00:00Z,36.490002,37.5,33.77,33.810001,5817200,6364835.4
2019-08-01T01:00:00Z,33.779999,34.09,28.99,30.799999,6699100,6541580.4
2019-09-02T01:00:00Z,30.5,32.380001,29.41,30,4208600,6458685.4
2019-10-01T01:00:00Z,30.23,33.290001,29.68,32.720001,5156800,6395758.4
2019-11-01T01:00:00Z,32.419998,33.349998,30.299999,30.639999,6399500,6350023.4
2019-12-02T01:00:00Z,30.639999,30.959999,29.200001,30.1,6846000,6439433.4
2020-01-02T01:00:00Z,30.27,31.450001,29.1,29.219999,5823400,6341673.4
2020-02-03T01:00:00Z,29.01,29.860001,26.73,26.85,7822264,6510246.6
2020-03-02T01:00:00Z,26.879999,27.25,16.58,19.67,18668600,7190839.45
2020-04-01T01:00:00Z,19.68,21.83,18.200001,20.110001,10907100,7502339.45
2020-05-04T01:00:00Z,19.52,21.99,19.5,21.860001,11573500,7841399.45
2020-06-01T01:00:00Z,21.860001,24.08,19.809999,20.16,16445400,8291469.45
2020-07-01T01:00:00Z,20.16,21.4,19.700001,20,14843200,8555785.05
2020-08-03T01:00:00Z,19.91,19.969999,18.610001,18.950001,19896300,9259115.1
2020-09-01T01:00:00Z,18.85,19.25,17.799999,17.99,13938650,9443588.55
2020-10-01T01:00:00Z,18.23,19.27,17.629999,17.76,16034900,9930735.7
2020-11-02T01:00:00Z,17.700001,22.15,17.700001,19.41,36507044,11360792.9
2020-12-01T01:00:00Z,19.65,20.66,19.379999,19.549999,16049935,11808144.65
2021-01-04T01:00:00Z,19.549999,23.879999,19.280001,21.559999,16244400,12253054.65
2021-02-01T01:00:00Z,21.459999,22.450001,20.940001,21.040001,8414800,12414834.65
2021-03-01T01:00:00Z,21.280001,23.5,21.08,22.51,20677700,13157859.65
2021-04-01T01:00:00Z,22.51,23.66,22.51,23.18,9390800,13292444.65
2021-05-03T01:00:00Z,23.17,23.200001,21.370001,22.01,6898600,13426944.65
2021-06-01T01:00:00Z,21.91,22.209999,21.25,21.360001,4667600,13402484.65
2021-07-01T01:00:00Z,21.370001,21.84,20.209999,20.5,5684000,13366709.65
2021-08-02T01:00:00Z,20.74,20.75,19.379999,19.43,7055800,13377199.65
2021-09-01T01:00:00Z,19.41,20.42,18.93,19.379999,5974600,13384759.65
2021-10-01T01:00:00Z,19.32,24.5,19.299999,22.5,10230100,13505151.45
2021-11-01T01:00:00Z,22.450001,23.1,21.120001,21.18,5209200,12832181.45
2021-12-01T01:00:00Z,21.15,21.48,20.16,20.6,4446900,12509171.45
2022-01-03T01:00:00Z,20.620001,21.120001,20.120001,20.290001,4382100,12149601.45
2022-02-03T01:00:00Z,20.59,22.639999,20.42,21.84,5958900,11625276.45
2022-03-01T01:00:00Z,22.139999,25.18,21.700001,25.030001,11641896,11465211.25
2022-04-01T01:00:00Z,25,29.290001,24.860001,29,7209700,10830881.25
2022-05-04T01:00:00Z,28.709999,30.74,27.6,29.299999,7992500,10533573.75
2022-06-01T01:00:00Z,29.1,32,28,28.290001,13834500,10423553.75
2022-07-01T01:00:00Z,28.49,28.49,26.059999,28,5530000,8874701.55
2022-08-01T01:00:00Z,28,33.5,28,32.860001,8885800,8516494.8
2022-09-01T01:00:00Z,32.990002,36.849998,32.279999,35.610001,11270400,8267794.8